count,year,month,day,date,dayow
56953,2013,1,1,2013-01-01T00:00:00Z,2
36830,2013,1,2,2013-01-02T00:00:00Z,3
38808,2013,1,3,2013-01-03T00:00:00Z,4
50391,2013,1,4,2013-01-04T00:00:00Z,5
48352,2013,1,5,2013-01-05T00:00:00Z,6
37549,2013,1,6,2013-01-06T00:00:00Z,0
40173,2013,1,7,2013-01-07T00:00:00Z,1
39395,2013,1,8,2013-01-08T00:00:00Z,2
42443,2013,1,9,2013-01-09T00:00:00Z,3
50096,2013,1,10,2013-01-10T00:00:00Z,4
57220,2013,1,11,2013-01-11T00:00:00Z,5
58749,2013,1,12,2013-01-12T00:00:00Z,6
45401,2013,1,13,2013-01-13T00:00:00Z,0
44555,2013,1,14,2013-01-14T00:00:00Z,1
44300,2013,1,15,2013-01-15T00:00:00Z,2
49059,2013,1,16,2013-01-16T00:00:00Z,3
54232,2013,1,17,2013-01-17T00:00:00Z,4
64849,2013,1,18,2013-01-18T00:00:00Z,5
63761,2013,1,19,2013-01-19T00:00:00Z,6
55986,2013,1,20,2013-01-20T00:00:00Z,0
46159,2013,1,21,2013-01-21T00:00:00Z,1
55426,2013,1,22,2013-01-22T00:00:00Z,2
56229,2013,1,23,2013-01-23T00:00:00Z,3
59459,2013,1,24,2013-01-24T00:00:00Z,4
67778,2013,1,25,2013-01-25T00:00:00Z,5
66052,2013,1,26,2013-01-26T00:00:00Z,6
51840,2013,1,27,2013-01-27T00:00:00Z,0
45322,2013,1,28,2013-01-28T00:00:00Z,1
48646,2013,1,29,2013-01-29T00:00:00Z,2
53266,2013,1,30,2013-01-30T00:00:00Z,3
60583,2013,1,31,2013-01-31T00:00:00Z,4
71272,2013,2,1,2013-02-01T00:00:00Z,5
64159,2013,2,2,2013-02-02T00:00:00Z,6
51344,2013,2,3,2013-02-03T00:00:00Z,0
50679,2013,2,4,2013-02-04T00:00:00Z,1
51862,2013,2,5,2013-02-05T00:00:00Z,2
54305,2013,2,6,2013-02-06T00:00:00Z,3
64702,2013,2,7,2013-02-07T00:00:00Z,4
75030,2013,2,8,2013-02-08T00:00:00Z,5
69166,2013,2,9,2013-02-09T00:00:00Z,6
53647,2013,2,10,2013-02-10T00:00:00Z,0
52787,2013,2,11,2013-02-11T00:00:00Z,1
54127,2013,2,12,2013-02-12T00:00:00Z,2
56182,2013,2,13,2013-02-13T00:00:00Z,3
63495,2013,2,14,2013-02-14T00:00:00Z,4
77743,2013,2,15,2013-02-15T00:00:00Z,5
86193,2013,2,16,2013-02-16T00:00:00Z,6
71185,2013,2,17,2013-02-17T00:00:00Z,0
47520,2013,2,18,2013-02-18T00:00:00Z,1
61244,2013,2,19,2013-02-19T00:00:00Z,2
66512,2013,2,20,2013-02-20T00:00:00Z,3
73897,2013,2,21,2013-02-21T00:00:00Z,4
83699,2013,2,22,2013-02-22T00:00:00Z,5
84190,2013,2,23,2013-02-23T00:00:00Z,6
62752,2013,2,24,2013-02-24T00:00:00Z,0
56067,2013,2,25,2013-02-25T00:00:00Z,1
58464,2013,2,26,2013-02-26T00:00:00Z,2
64236,2013,2,27,2013-02-27T00:00:00Z,3
73800,2013,2,28,2013-02-28T00:00:00Z,4
89967,2013,3,1,2013-03-01T00:00:00Z,5
88234,2013,3,2,2013-03-02T00:00:00Z,6
70969,2013,3,3,2013-03-03T00:00:00Z,0
65841,2013,3,4,2013-03-04T00:00:00Z,1
58436,2013,3,5,2013-03-05T00:00:00Z,2
66191,2013,3,6,2013-03-06T00:00:00Z,3
71752,2013,3,7,2013-03-07T00:00:00Z,4
82931,2013,3,8,2013-03-08T00:00:00Z,5
80622,2013,3,9,2013-03-09T00:00:00Z,6
65338,2013,3,10,2013-03-10T00:00:00Z,0
67022,2013,3,11,2013-03-11T00:00:00Z,1
67314,2013,3,12,2013-03-12T00:00:00Z,2
71988,2013,3,13,2013-03-13T00:00:00Z,3
79022,2013,3,14,2013-03-14T00:00:00Z,4
95706,2013,3,15,2013-03-15T00:00:00Z,5
132541,2013,3,16,2013-03-16T00:00:00Z,6
78966,2013,3,17,2013-03-17T00:00:00Z,0
68590,2013,3,18,2013-03-18T00:00:00Z,1
71316,2013,3,19,2013-03-19T00:00:00Z,2
70854,2013,3,20,2013-03-20T00:00:00Z,3
78727,2013,3,21,2013-03-21T00:00:00Z,4
90708,2013,3,22,2013-03-22T00:00:00Z,5
82433,2013,3,23,2013-03-23T00:00:00Z,6
60820,2013,3,24,2013-03-24T00:00:00Z,0
50875,2013,3,25,2013-03-25T00:00:00Z,1
52958,2013,3,26,2013-03-26T00:00:00Z,2
56457,2013,3,27,2013-03-27T00:00:00Z,3
63865,2013,3,28,2013-03-28T00:00:00Z,4
70100,2013,3,29,2013-03-29T00:00:00Z,5
64297,2013,3,30,2013-03-30T00:00:00Z,6
46523,2013,3,31,2013-03-31T00:00:00Z,0
52990,2013,4,1,2013-04-01T00:00:00Z,1
56916,2013,4,2,2013-04-02T00:00:00Z,2
62318,2013,4,3,2013-04-03T00:00:00Z,3
68156,2013,4,4,2013-04-04T00:00:00Z,4
84979,2013,4,5,2013-04-05T00:00:00Z,5
81095,2013,4,6,2013-04-06T00:00:00Z,6
65585,2013,4,7,2013-04-07T00:00:00Z,0
61183,2013,4,8,2013-04-08T00:00:00Z,1
63225,2013,4,9,2013-04-09T00:00:00Z,2
66144,2013,4,10,2013-04-10T00:00:00Z,3
74947,2013,4,11,2013-04-11T00:00:00Z,4
86606,2013,4,12,2013-04-12T00:00:00Z,5
85438,2013,4,13,2013-04-13T00:00:00Z,6
66299,2013,4,14,2013-04-14T00:00:00Z,0
62408,2013,4,15,2013-04-15T00:00:00Z,1
65283,2013,4,16,2013-04-16T00:00:00Z,2
75912,2013,4,17,2013-04-17T00:00:00Z,3
74780,2013,4,18,2013-04-18T00:00:00Z,4
89378,2013,4,19,2013-04-19T00:00:00Z,5
86061,2013,4,20,2013-04-20T00:00:00Z,6
67259,2013,4,21,2013-04-21T00:00:00Z,0
59123,2013,4,22,2013-04-22T00:00:00Z,1
71748,2013,4,23,2013-04-23T00:00:00Z,2
69450,2013,4,24,2013-04-24T00:00:00Z,3
74992,2013,4,25,2013-04-25T00:00:00Z,4
81976,2013,4,26,2013-04-26T00:00:00Z,5
83822,2013,4,27,2013-04-27T00:00:00Z,6
64624,2013,4,28,2013-04-28T00:00:00Z,0
53777,2013,4,29,2013-04-29T00:00:00Z,1
60072,2013,4,30,2013-04-30T00:00:00Z,2
64288,2013,5,1,2013-05-01T00:00:00Z,3
75401,2013,5,2,2013-05-02T00:00:00Z,4
89842,2013,5,3,2013-05-03T00:00:00Z,5
85529,2013,5,4,2013-05-04T00:00:00Z,6
68048,2013,5,5,2013-05-05T00:00:00Z,0
59362,2013,5,6,2013-05-06T00:00:00Z,1
63422,2013,5,7,2013-05-07T00:00:00Z,2
66981,2013,5,8,2013-05-08T00:00:00Z,3
78112,2013,5,9,2013-05-09T00:00:00Z,4
85713,2013,5,10,2013-05-10T00:00:00Z,5
76165,2013,5,11,2013-05-11T00:00:00Z,6
58944,2013,5,12,2013-05-12T00:00:00Z,0
59544,2013,5,13,2013-05-13T00:00:00Z,1
62448,2013,5,14,2013-05-14T00:00:00Z,2
69171,2013,5,15,2013-05-15T00:00:00Z,3
75392,2013,5,16,2013-05-16T00:00:00Z,4
92024,2013,5,17,2013-05-17T00:00:00Z,5
93211,2013,5,18,2013-05-18T00:00:00Z,6
81734,2013,5,19,2013-05-19T00:00:00Z,0
70558,2013,5,20,2013-05-20T00:00:00Z,1
69697,2013,5,21,2013-05-21T00:00:00Z,2
69963,2013,5,22,2013-05-22T00:00:00Z,3
81162,2013,5,23,2013-05-23T00:00:00Z,4
78493,2013,5,24,2013-05-24T00:00:00Z,5
79578,2013,5,25,2013-05-25T00:00:00Z,6
71121,2013,5,26,2013-05-26T00:00:00Z,0
44633,2013,5,27,2013-05-27T00:00:00Z,1
60221,2013,5,28,2013-05-28T00:00:00Z,2
66707,2013,5,29,2013-05-29T00:00:00Z,3
73509,2013,5,30,2013-05-30T00:00:00Z,4
90002,2013,5,31,2013-05-31T00:00:00Z,5
96641,2013,6,1,2013-06-01T00:00:00Z,6
78724,2013,6,2,2013-06-02T00:00:00Z,0
66947,2013,6,3,2013-06-03T00:00:00Z,1
70131,2013,6,4,2013-06-04T00:00:00Z,2
71164,2013,6,5,2013-06-05T00:00:00Z,3
79628,2013,6,6,2013-06-06T00:00:00Z,4
88888,2013,6,7,2013-06-07T00:00:00Z,5
96595,2013,6,8,2013-06-08T00:00:00Z,6
80348,2013,6,9,2013-06-09T00:00:00Z,0
69749,2013,6,10,2013-06-10T00:00:00Z,1
73062,2013,6,11,2013-06-11T00:00:00Z,2
74508,2013,6,12,2013-06-12T00:00:00Z,3
80010,2013,6,13,2013-06-13T00:00:00Z,4
89934,2013,6,14,2013-06-14T00:00:00Z,5
93621,2013,6,15,2013-06-15T00:00:00Z,6
75381,2013,6,16,2013-06-16T00:00:00Z,0
67316,2013,6,17,2013-06-17T00:00:00Z,1
68504,2013,6,18,2013-06-18T00:00:00Z,2
71553,2013,6,19,2013-06-19T00:00:00Z,3
75429,2013,6,20,2013-06-20T00:00:00Z,4
89722,2013,6,21,2013-06-21T00:00:00Z,5
92161,2013,6,22,2013-06-22T00:00:00Z,6
80301,2013,6,23,2013-06-23T00:00:00Z,0
70140,2013,6,24,2013-06-24T00:00:00Z,1
72888,2013,6,25,2013-06-25T00:00:00Z,2
69305,2013,6,26,2013-06-26T00:00:00Z,3
76324,2013,6,27,2013-06-27T00:00:00Z,4
95828,2013,6,28,2013-06-28T00:00:00Z,5
93767,2013,6,29,2013-06-29T00:00:00Z,6
77836,2013,6,30,2013-06-30T00:00:00Z,0
57288,2013,7,1,2013-07-01T00:00:00Z,1
56979,2013,7,2,2013-07-02T00:00:00Z,2
65781,2013,7,3,2013-07-03T00:00:00Z,3
65732,2013,7,4,2013-07-04T00:00:00Z,4
70850,2013,7,5,2013-07-05T00:00:00Z,5
75749,2013,7,6,2013-07-06T00:00:00Z,6
62269,2013,7,7,2013-07-07T00:00:00Z,0
60808,2013,7,8,2013-07-08T00:00:00Z,1
64471,2013,7,9,2013-07-09T00:00:00Z,2
69461,2013,7,10,2013-07-10T00:00:00Z,3
77689,2013,7,11,2013-07-11T00:00:00Z,4
88913,2013,7,12,2013-07-12T00:00:00Z,5
99428,2013,7,13,2013-07-13T00:00:00Z,6
80448,2013,7,14,2013-07-14T00:00:00Z,0
68050,2013,7,15,2013-07-15T00:00:00Z,1
71019,2013,7,16,2013-07-16T00:00:00Z,2
74926,2013,7,17,2013-07-17T00:00:00Z,3
82110,2013,7,18,2013-07-18T00:00:00Z,4
98868,2013,7,19,2013-07-19T00:00:00Z,5
102619,2013,7,20,2013-07-20T00:00:00Z,6
83423,2013,7,21,2013-07-21T00:00:00Z,0
70473,2013,7,22,2013-07-22T00:00:00Z,1
67817,2013,7,23,2013-07-23T00:00:00Z,2
67681,2013,7,24,2013-07-24T00:00:00Z,3
74709,2013,7,25,2013-07-25T00:00:00Z,4
86176,2013,7,26,2013-07-26T00:00:00Z,5
89901,2013,7,27,2013-07-27T00:00:00Z,6
72650,2013,7,28,2013-07-28T00:00:00Z,0
59311,2013,7,29,2013-07-29T00:00:00Z,1
65010,2013,7,30,2013-07-30T00:00:00Z,2
71824,2013,7,31,2013-07-31T00:00:00Z,3
78441,2013,8,1,2013-08-01T00:00:00Z,4
97599,2013,8,2,2013-08-02T00:00:00Z,5
96927,2013,8,3,2013-08-03T00:00:00Z,6
82177,2013,8,4,2013-08-04T00:00:00Z,0
65060,2013,8,5,2013-08-05T00:00:00Z,1
60683,2013,8,6,2013-08-06T00:00:00Z,2
69544,2013,8,7,2013-08-07T00:00:00Z,3
71822,2013,8,8,2013-08-08T00:00:00Z,4
87002,2013,8,9,2013-08-09T00:00:00Z,5
92705,2013,8,10,2013-08-10T00:00:00Z,6
75029,2013,8,11,2013-08-11T00:00:00Z,0
62773,2013,8,12,2013-08-12T00:00:00Z,1
65086,2013,8,13,2013-08-13T00:00:00Z,2
72677,2013,8,14,2013-08-14T00:00:00Z,3
78386,2013,8,15,2013-08-15T00:00:00Z,4
92005,2013,8,16,2013-08-16T00:00:00Z,5
98291,2013,8,17,2013-08-17T00:00:00Z,6
75236,2013,8,18,2013-08-18T00:00:00Z,0
59520,2013,8,19,2013-08-19T00:00:00Z,1
66467,2013,8,20,2013-08-20T00:00:00Z,2
74052,2013,8,21,2013-08-21T00:00:00Z,3
81607,2013,8,22,2013-08-22T00:00:00Z,4
87901,2013,8,23,2013-08-23T00:00:00Z,5
90279,2013,8,24,2013-08-24T00:00:00Z,6
72762,2013,8,25,2013-08-25T00:00:00Z,0
60080,2013,8,26,2013-08-26T00:00:00Z,1
66467,2013,8,27,2013-08-27T00:00:00Z,2
67709,2013,8,28,2013-08-28T00:00:00Z,3
74923,2013,8,29,2013-08-29T00:00:00Z,4
87441,2013,8,30,2013-08-30T00:00:00Z,5
88725,2013,8,31,2013-08-31T00:00:00Z,6
83465,2013,9,1,2013-09-01T00:00:00Z,0
50381,2013,9,2,2013-09-02T00:00:00Z,1
54138,2013,9,3,2013-09-03T00:00:00Z,2
58948,2013,9,4,2013-09-04T00:00:00Z,3
63768,2013,9,5,2013-09-05T00:00:00Z,4
82429,2013,9,6,2013-09-06T00:00:00Z,5
89950,2013,9,7,2013-09-07T00:00:00Z,6
76934,2013,9,8,2013-09-08T00:00:00Z,0
68786,2013,9,9,2013-09-09T00:00:00Z,1
72243,2013,9,10,2013-09-10T00:00:00Z,2
73764,2013,9,11,2013-09-11T00:00:00Z,3
79995,2013,9,12,2013-09-12T00:00:00Z,4
91846,2013,9,13,2013-09-13T00:00:00Z,5
96623,2013,9,14,2013-09-14T00:00:00Z,6
83720,2013,9,15,2013-09-15T00:00:00Z,0
65849,2013,9,16,2013-09-16T00:00:00Z,1
68065,2013,9,17,2013-09-17T00:00:00Z,2
79556,2013,9,18,2013-09-18T00:00:00Z,3
82706,2013,9,19,2013-09-19T00:00:00Z,4
96427,2013,9,20,2013-09-20T00:00:00Z,5
97990,2013,9,21,2013-09-21T00:00:00Z,6
78437,2013,9,22,2013-09-22T00:00:00Z,0
66538,2013,9,23,2013-09-23T00:00:00Z,1
70312,2013,9,24,2013-09-24T00:00:00Z,2
76293,2013,9,25,2013-09-25T00:00:00Z,3
81605,2013,9,26,2013-09-26T00:00:00Z,4
90593,2013,9,27,2013-09-27T00:00:00Z,5
91208,2013,9,28,2013-09-28T00:00:00Z,6
79017,2013,9,29,2013-09-29T00:00:00Z,0
67346,2013,9,30,2013-09-30T00:00:00Z,1
71447,2013,10,1,2013-10-01T00:00:00Z,2
75174,2013,10,2,2013-10-02T00:00:00Z,3
83212,2013,10,3,2013-10-03T00:00:00Z,4
90809,2013,10,4,2013-10-04T00:00:00Z,5
95665,2013,10,5,2013-10-05T00:00:00Z,6
81684,2013,10,6,2013-10-06T00:00:00Z,0
68387,2013,10,7,2013-10-07T00:00:00Z,1
71465,2013,10,8,2013-10-08T00:00:00Z,2
75416,2013,10,9,2013-10-09T00:00:00Z,3
83655,2013,10,10,2013-10-10T00:00:00Z,4
95048,2013,10,11,2013-10-11T00:00:00Z,5
94097,2013,10,12,2013-10-12T00:00:00Z,6
81992,2013,10,13,2013-10-13T00:00:00Z,0
64052,2013,10,14,2013-10-14T00:00:00Z,1
70720,2013,10,15,2013-10-15T00:00:00Z,2
72871,2013,10,16,2013-10-16T00:00:00Z,3
86960,2013,10,17,2013-10-17T00:00:00Z,4
100353,2013,10,18,2013-10-18T00:00:00Z,5
98171,2013,10,19,2013-10-19T00:00:00Z,6
76429,2013,10,20,2013-10-20T00:00:00Z,0
69840,2013,10,21,2013-10-21T00:00:00Z,1
74406,2013,10,22,2013-10-22T00:00:00Z,2
80451,2013,10,23,2013-10-23T00:00:00Z,3
87419,2013,10,24,2013-10-24T00:00:00Z,4
97938,2013,10,25,2013-10-25T00:00:00Z,5
98240,2013,10,26,2013-10-26T00:00:00Z,6
81976,2013,10,27,2013-10-27T00:00:00Z,0
64323,2013,10,28,2013-10-28T00:00:00Z,1
68601,2013,10,29,2013-10-29T00:00:00Z,2
73488,2013,10,30,2013-10-30T00:00:00Z,3
81288,2013,10,31,2013-10-31T00:00:00Z,4
103824,2013,11,1,2013-11-01T00:00:00Z,5
95845,2013,11,2,2013-11-02T00:00:00Z,6
77355,2013,11,3,2013-11-03T00:00:00Z,0
66446,2013,11,4,2013-11-04T00:00:00Z,1
75787,2013,11,5,2013-11-05T00:00:00Z,2
85680,2013,11,6,2013-11-06T00:00:00Z,3
87010,2013,11,7,2013-11-07T00:00:00Z,4
96912,2013,11,8,2013-11-08T00:00:00Z,5
97345,2013,11,9,2013-11-09T00:00:00Z,6
82052,2013,11,10,2013-11-10T00:00:00Z,0
68748,2013,11,11,2013-11-11T00:00:00Z,1
74601,2013,11,12,2013-11-12T00:00:00Z,2
81144,2013,11,13,2013-11-13T00:00:00Z,3
84184,2013,11,14,2013-11-14T00:00:00Z,4
99277,2013,11,15,2013-11-15T00:00:00Z,5
104227,2013,11,16,2013-11-16T00:00:00Z,6
82409,2013,11,17,2013-11-17T00:00:00Z,0
75185,2013,11,18,2013-11-18T00:00:00Z,1
75576,2013,11,19,2013-11-19T00:00:00Z,2
82502,2013,11,20,2013-11-20T00:00:00Z,3
84733,2013,11,21,2013-11-21T00:00:00Z,4
98486,2013,11,22,2013-11-22T00:00:00Z,5
96695,2013,11,23,2013-11-23T00:00:00Z,6
70793,2013,11,24,2013-11-24T00:00:00Z,0
64633,2013,11,25,2013-11-25T00:00:00Z,1
66721,2013,11,26,2013-11-26T00:00:00Z,2
71251,2013,11,27,2013-11-27T00:00:00Z,3
44944,2013,11,28,2013-11-28T00:00:00Z,4
54747,2013,11,29,2013-11-29T00:00:00Z,5
74107,2013,11,30,2013-11-30T00:00:00Z,6
66230,2013,12,1,2013-12-01T00:00:00Z,0
79210,2013,12,2,2013-12-02T00:00:00Z,1
80784,2013,12,3,2013-12-03T00:00:00Z,2
81456,2013,12,4,2013-12-04T00:00:00Z,3
94959,2013,12,5,2013-12-05T00:00:00Z,4
113662,2013,12,6,2013-12-06T00:00:00Z,5
111696,2013,12,7,2013-12-07T00:00:00Z,6
81741,2013,12,8,2013-12-08T00:00:00Z,0
81897,2013,12,9,2013-12-09T00:00:00Z,1
83430,2013,12,10,2013-12-10T00:00:00Z,2
86336,2013,12,11,2013-12-11T00:00:00Z,3
97115,2013,12,12,2013-12-12T00:00:00Z,4
111330,2013,12,13,2013-12-13T00:00:00Z,5
109783,2013,12,14,2013-12-14T00:00:00Z,6
82020,2013,12,15,2013-12-15T00:00:00Z,0
77037,2013,12,16,2013-12-16T00:00:00Z,1
79911,2013,12,17,2013-12-17T00:00:00Z,2
85561,2013,12,18,2013-12-18T00:00:00Z,3
91589,2013,12,19,2013-12-19T00:00:00Z,4
103965,2013,12,20,2013-12-20T00:00:00Z,5
92347,2013,12,21,2013-12-21T00:00:00Z,6
65710,2013,12,22,2013-12-22T00:00:00Z,0
68035,2013,12,23,2013-12-23T00:00:00Z,1
42297,2013,12,24,2013-12-24T00:00:00Z,2
18296,2013,12,25,2013-12-25T00:00:00Z,3
41022,2013,12,26,2013-12-26T00:00:00Z,4
62051,2013,12,27,2013-12-27T00:00:00Z,5
71089,2013,12,28,2013-12-28T00:00:00Z,6
70994,2013,12,29,2013-12-29T00:00:00Z,0
70278,2013,12,30,2013-12-30T00:00:00Z,1
93093,2013,12,31,2013-12-31T00:00:00Z,2
76388,2014,1,1,2014-01-01T00:00:00Z,3
55209,2014,1,2,2014-01-02T00:00:00Z,4
72355,2014,1,3,2014-01-03T00:00:00Z,5
68768,2014,1,4,2014-01-04T00:00:00Z,6
51618,2014,1,5,2014-01-05T00:00:00Z,0
49524,2014,1,6,2014-01-06T00:00:00Z,1
59377,2014,1,7,2014-01-07T00:00:00Z,2
70306,2014,1,8,2014-01-08T00:00:00Z,3
76979,2014,1,9,2014-01-09T00:00:00Z,4
88005,2014,1,10,2014-01-10T00:00:00Z,5
84168,2014,1,11,2014-01-11T00:00:00Z,6
68066,2014,1,12,2014-01-12T00:00:00Z,0
62668,2014,1,13,2014-01-13T00:00:00Z,1
68832,2014,1,14,2014-01-14T00:00:00Z,2
74096,2014,1,15,2014-01-15T00:00:00Z,3
79930,2014,1,16,2014-01-16T00:00:00Z,4
95983,2014,1,17,2014-01-17T00:00:00Z,5
92674,2014,1,18,2014-01-18T00:00:00Z,6
75963,2014,1,19,2014-01-19T00:00:00Z,0
56739,2014,1,20,2014-01-20T00:00:00Z,1
67994,2014,1,21,2014-01-21T00:00:00Z,2
74808,2014,1,22,2014-01-22T00:00:00Z,3
84396,2014,1,23,2014-01-23T00:00:00Z,4
96679,2014,1,24,2014-01-24T00:00:00Z,5
93862,2014,1,25,2014-01-25T00:00:00Z,6
68568,2014,1,26,2014-01-26T00:00:00Z,0
64335,2014,1,27,2014-01-27T00:00:00Z,1
65867,2014,1,28,2014-01-28T00:00:00Z,2
73800,2014,1,29,2014-01-29T00:00:00Z,3
77422,2014,1,30,2014-01-30T00:00:00Z,4
92177,2014,1,31,2014-01-31T00:00:00Z,5
84713,2014,2,1,2014-02-01T00:00:00Z,6
70645,2014,2,2,2014-02-02T00:00:00Z,0
68555,2014,2,3,2014-02-03T00:00:00Z,1
69812,2014,2,4,2014-02-04T00:00:00Z,2
69672,2014,2,5,2014-02-05T00:00:00Z,3
88221,2014,2,6,2014-02-06T00:00:00Z,4
101344,2014,2,7,2014-02-07T00:00:00Z,5
95473,2014,2,8,2014-02-08T00:00:00Z,6
70341,2014,2,9,2014-02-09T00:00:00Z,0
71416,2014,2,10,2014-02-10T00:00:00Z,1
74955,2014,2,11,2014-02-11T00:00:00Z,2
76463,2014,2,12,2014-02-12T00:00:00Z,3
83117,2014,2,13,2014-02-13T00:00:00Z,4
103128,2014,2,14,2014-02-14T00:00:00Z,5
102311,2014,2,15,2014-02-15T00:00:00Z,6
79792,2014,2,16,2014-02-16T00:00:00Z,0
55573,2014,2,17,2014-02-17T00:00:00Z,1
70969,2014,2,18,2014-02-18T00:00:00Z,2
75921,2014,2,19,2014-02-19T00:00:00Z,3
91702,2014,2,20,2014-02-20T00:00:00Z,4
105706,2014,2,21,2014-02-21T00:00:00Z,5
100849,2014,2,22,2014-02-22T00:00:00Z,6
75912,2014,2,23,2014-02-23T00:00:00Z,0
69161,2014,2,24,2014-02-24T00:00:00Z,1
74817,2014,2,25,2014-02-25T00:00:00Z,2
82935,2014,2,26,2014-02-26T00:00:00Z,3
90649,2014,2,27,2014-02-27T00:00:00Z,4
101472,2014,2,28,2014-02-28T00:00:00Z,5
101036,2014,3,1,2014-03-01T00:00:00Z,6
78270,2014,3,2,2014-03-02T00:00:00Z,0
73419,2014,3,3,2014-03-03T00:00:00Z,1
77257,2014,3,4,2014-03-04T00:00:00Z,2
79848,2014,3,5,2014-03-05T00:00:00Z,3
86060,2014,3,6,2014-03-06T00:00:00Z,4
93963,2014,3,7,2014-03-07T00:00:00Z,5
99595,2014,3,8,2014-03-08T00:00:00Z,6
74449,2014,3,9,2014-03-09T00:00:00Z,0
68951,2014,3,10,2014-03-10T00:00:00Z,1
76179,2014,3,11,2014-03-11T00:00:00Z,2
83890,2014,3,12,2014-03-12T00:00:00Z,3
94140,2014,3,13,2014-03-13T00:00:00Z,4
109958,2014,3,14,2014-03-14T00:00:00Z,5
150797,2014,3,15,2014-03-15T00:00:00Z,6
93701,2014,3,16,2014-03-16T00:00:00Z,0
84767,2014,3,17,2014-03-17T00:00:00Z,1
81334,2014,3,18,2014-03-18T00:00:00Z,2
86133,2014,3,19,2014-03-19T00:00:00Z,3
91192,2014,3,20,2014-03-20T00:00:00Z,4
102682,2014,3,21,2014-03-21T00:00:00Z,5
102193,2014,3,22,2014-03-22T00:00:00Z,6
87367,2014,3,23,2014-03-23T00:00:00Z,0
76888,2014,3,24,2014-03-24T00:00:00Z,1
79261,2014,3,25,2014-03-25T00:00:00Z,2
82467,2014,3,26,2014-03-26T00:00:00Z,3
91475,2014,3,27,2014-03-27T00:00:00Z,4
103532,2014,3,28,2014-03-28T00:00:00Z,5
101788,2014,3,29,2014-03-29T00:00:00Z,6
84634,2014,3,30,2014-03-30T00:00:00Z,0
72745,2014,3,31,2014-03-31T00:00:00Z,1
79601,2014,4,1,2014-04-01T00:00:00Z,2
81162,2014,4,2,2014-04-02T00:00:00Z,3
96449,2014,4,3,2014-04-03T00:00:00Z,4
114647,2014,4,4,2014-04-04T00:00:00Z,5
109188,2014,4,5,2014-04-05T00:00:00Z,6
87812,2014,4,6,2014-04-06T00:00:00Z,0
75423,2014,4,7,2014-04-07T00:00:00Z,1
80753,2014,4,8,2014-04-08T00:00:00Z,2
87593,2014,4,9,2014-04-09T00:00:00Z,3
91099,2014,4,10,2014-04-10T00:00:00Z,4
98972,2014,4,11,2014-04-11T00:00:00Z,5
98687,2014,4,12,2014-04-12T00:00:00Z,6
82114,2014,4,13,2014-04-13T00:00:00Z,0
79294,2014,4,14,2014-04-14T00:00:00Z,1
83592,2014,4,15,2014-04-15T00:00:00Z,2
86021,2014,4,16,2014-04-16T00:00:00Z,3
89814,2014,4,17,2014-04-17T00:00:00Z,4
97573,2014,4,18,2014-04-18T00:00:00Z,5
88123,2014,4,19,2014-04-19T00:00:00Z,6
63024,2014,4,20,2014-04-20T00:00:00Z,0
69232,2014,4,21,2014-04-21T00:00:00Z,1
78883,2014,4,22,2014-04-22T00:00:00Z,2
89973,2014,4,23,2014-04-23T00:00:00Z,3
96508,2014,4,24,2014-04-24T00:00:00Z,4
105023,2014,4,25,2014-04-25T00:00:00Z,5
111709,2014,4,26,2014-04-26T00:00:00Z,6
87081,2014,4,27,2014-04-27T00:00:00Z,0
79492,2014,4,28,2014-04-28T00:00:00Z,1
77776,2014,4,29,2014-04-29T00:00:00Z,2
86584,2014,4,30,2014-04-30T00:00:00Z,3
93957,2014,5,1,2014-05-01T00:00:00Z,4
108482,2014,5,2,2014-05-02T00:00:00Z,5
111336,2014,5,3,2014-05-03T00:00:00Z,6
89895,2014,5,4,2014-05-04T00:00:00Z,0
84704,2014,5,5,2014-05-05T00:00:00Z,1
83996,2014,5,6,2014-05-06T00:00:00Z,2
82394,2014,5,7,2014-05-07T00:00:00Z,3
88781,2014,5,8,2014-05-08T00:00:00Z,4
104995,2014,5,9,2014-05-09T00:00:00Z,5
98647,2014,5,10,2014-05-10T00:00:00Z,6
75512,2014,5,11,2014-05-11T00:00:00Z,0
74774,2014,5,12,2014-05-12T00:00:00Z,1
83682,2014,5,13,2014-05-13T00:00:00Z,2
91879,2014,5,14,2014-05-14T00:00:00Z,3
102100,2014,5,15,2014-05-15T00:00:00Z,4
120392,2014,5,16,2014-05-16T00:00:00Z,5
116418,2014,5,17,2014-05-17T00:00:00Z,6
103126,2014,5,18,2014-05-18T00:00:00Z,0
88874,2014,5,19,2014-05-19T00:00:00Z,1
90890,2014,5,20,2014-05-20T00:00:00Z,2
91637,2014,5,21,2014-05-21T00:00:00Z,3
91307,2014,5,22,2014-05-22T00:00:00Z,4
96342,2014,5,23,2014-05-23T00:00:00Z,5
97114,2014,5,24,2014-05-24T00:00:00Z,6
90451,2014,5,25,2014-05-25T00:00:00Z,0
61281,2014,5,26,2014-05-26T00:00:00Z,1
73958,2014,5,27,2014-05-27T00:00:00Z,2
80073,2014,5,28,2014-05-28T00:00:00Z,3
87397,2014,5,29,2014-05-29T00:00:00Z,4
108027,2014,5,30,2014-05-30T00:00:00Z,5
111203,2014,5,31,2014-05-31T00:00:00Z,6
96233,2014,6,1,2014-06-01T00:00:00Z,0
82609,2014,6,2,2014-06-02T00:00:00Z,1
81596,2014,6,3,2014-06-03T00:00:00Z,2
90116,2014,6,4,2014-06-04T00:00:00Z,3
89144,2014,6,5,2014-06-05T00:00:00Z,4
102969,2014,6,6,2014-06-06T00:00:00Z,5
110265,2014,6,7,2014-06-07T00:00:00Z,6
95520,2014,6,8,2014-06-08T00:00:00Z,0
84993,2014,6,9,2014-06-09T00:00:00Z,1
102209,2014,6,10,2014-06-10T00:00:00Z,2
95542,2014,6,11,2014-06-11T00:00:00Z,3
95318,2014,6,12,2014-06-12T00:00:00Z,4
103850,2014,6,13,2014-06-13T00:00:00Z,5
109928,2014,6,14,2014-06-14T00:00:00Z,6
81069,2014,6,15,2014-06-15T00:00:00Z,0
77685,2014,6,16,2014-06-16T00:00:00Z,1
80074,2014,6,17,2014-06-17T00:00:00Z,2
91704,2014,6,18,2014-06-18T00:00:00Z,3
97546,2014,6,19,2014-06-19T00:00:00Z,4
108697,2014,6,20,2014-06-20T00:00:00Z,5
107107,2014,6,21,2014-06-21T00:00:00Z,6
89318,2014,6,22,2014-06-22T00:00:00Z,0
77077,2014,6,23,2014-06-23T00:00:00Z,1
82891,2014,6,24,2014-06-24T00:00:00Z,2
88843,2014,6,25,2014-06-25T00:00:00Z,3
98263,2014,6,26,2014-06-26T00:00:00Z,4
107335,2014,6,27,2014-06-27T00:00:00Z,5
109010,2014,6,28,2014-06-28T00:00:00Z,6
87470,2014,6,29,2014-06-29T00:00:00Z,0
72637,2014,6,30,2014-06-30T00:00:00Z,1
71312,2014,7,1,2014-07-01T00:00:00Z,2
76661,2014,7,2,2014-07-02T00:00:00Z,3
74502,2014,7,3,2014-07-03T00:00:00Z,4
82136,2014,7,4,2014-07-04T00:00:00Z,5
82480,2014,7,5,2014-07-05T00:00:00Z,6
65392,2014,7,6,2014-07-06T00:00:00Z,0
63674,2014,7,7,2014-07-07T00:00:00Z,1
68402,2014,7,8,2014-07-08T00:00:00Z,2
77209,2014,7,9,2014-07-09T00:00:00Z,3
86039,2014,7,10,2014-07-10T00:00:00Z,4
103145,2014,7,11,2014-07-11T00:00:00Z,5
107075,2014,7,12,2014-07-12T00:00:00Z,6
86120,2014,7,13,2014-07-13T00:00:00Z,0
72356,2014,7,14,2014-07-14T00:00:00Z,1
76149,2014,7,15,2014-07-15T00:00:00Z,2
82591,2014,7,16,2014-07-16T00:00:00Z,3
88909,2014,7,17,2014-07-17T00:00:00Z,4
104318,2014,7,18,2014-07-18T00:00:00Z,5
110954,2014,7,19,2014-07-19T00:00:00Z,6
89406,2014,7,20,2014-07-20T00:00:00Z,0
73928,2014,7,21,2014-07-21T00:00:00Z,1
78126,2014,7,22,2014-07-22T00:00:00Z,2
82011,2014,7,23,2014-07-23T00:00:00Z,3
91198,2014,7,24,2014-07-24T00:00:00Z,4
105637,2014,7,25,2014-07-25T00:00:00Z,5
107213,2014,7,26,2014-07-26T00:00:00Z,6
89469,2014,7,27,2014-07-27T00:00:00Z,0
73762,2014,7,28,2014-07-28T00:00:00Z,1
78721,2014,7,29,2014-07-29T00:00:00Z,2
83923,2014,7,30,2014-07-30T00:00:00Z,3
91990,2014,7,31,2014-07-31T00:00:00Z,4
102413,2014,8,1,2014-08-01T00:00:00Z,5
101964,2014,8,2,2014-08-02T00:00:00Z,6
93118,2014,8,3,2014-08-03T00:00:00Z,0
77506,2014,8,4,2014-08-04T00:00:00Z,1
72513,2014,8,5,2014-08-05T00:00:00Z,2
76362,2014,8,6,2014-08-06T00:00:00Z,3
84369,2014,8,7,2014-08-07T00:00:00Z,4
100482,2014,8,8,2014-08-08T00:00:00Z,5
101664,2014,8,9,2014-08-09T00:00:00Z,6
81173,2014,8,10,2014-08-10T00:00:00Z,0
72599,2014,8,11,2014-08-11T00:00:00Z,1
74986,2014,8,12,2014-08-12T00:00:00Z,2
79310,2014,8,13,2014-08-13T00:00:00Z,3
88897,2014,8,14,2014-08-14T00:00:00Z,4
96612,2014,8,15,2014-08-15T00:00:00Z,5
100385,2014,8,16,2014-08-16T00:00:00Z,6
78595,2014,8,17,2014-08-17T00:00:00Z,0
66534,2014,8,18,2014-08-18T00:00:00Z,1
77874,2014,8,19,2014-08-19T00:00:00Z,2
81164,2014,8,20,2014-08-20T00:00:00Z,3
90088,2014,8,21,2014-08-21T00:00:00Z,4
101382,2014,8,22,2014-08-22T00:00:00Z,5
99937,2014,8,23,2014-08-23T00:00:00Z,6
81388,2014,8,24,2014-08-24T00:00:00Z,0
68707,2014,8,25,2014-08-25T00:00:00Z,1
69452,2014,8,26,2014-08-26T00:00:00Z,2
71988,2014,8,27,2014-08-27T00:00:00Z,3
78352,2014,8,28,2014-08-28T00:00:00Z,4
89788,2014,8,29,2014-08-29T00:00:00Z,5
92783,2014,8,30,2014-08-30T00:00:00Z,6
89678,2014,8,31,2014-08-31T00:00:00Z,0
55954,2014,9,1,2014-09-01T00:00:00Z,1
60226,2014,9,2,2014-09-02T00:00:00Z,2
68039,2014,9,3,2014-09-03T00:00:00Z,3
79640,2014,9,4,2014-09-04T00:00:00Z,4
95019,2014,9,5,2014-09-05T00:00:00Z,5
93685,2014,9,6,2014-09-06T00:00:00Z,6
82807,2014,9,7,2014-09-07T00:00:00Z,0
71687,2014,9,8,2014-09-08T00:00:00Z,1
78290,2014,9,9,2014-09-09T00:00:00Z,2
88771,2014,9,10,2014-09-10T00:00:00Z,3
91103,2014,9,11,2014-09-11T00:00:00Z,4
106811,2014,9,12,2014-09-12T00:00:00Z,5
100995,2014,9,13,2014-09-13T00:00:00Z,6
82453,2014,9,14,2014-09-14T00:00:00Z,0
72214,2014,9,15,2014-09-15T00:00:00Z,1
74440,2014,9,16,2014-09-16T00:00:00Z,2
82093,2014,9,17,2014-09-17T00:00:00Z,3
89668,2014,9,18,2014-09-18T00:00:00Z,4
102189,2014,9,19,2014-09-19T00:00:00Z,5
99006,2014,9,20,2014-09-20T00:00:00Z,6
81017,2014,9,21,2014-09-21T00:00:00Z,0
74606,2014,9,22,2014-09-22T00:00:00Z,1
75731,2014,9,23,2014-09-23T00:00:00Z,2
76552,2014,9,24,2014-09-24T00:00:00Z,3
78460,2014,9,25,2014-09-25T00:00:00Z,4
90226,2014,9,26,2014-09-26T00:00:00Z,5
97243,2014,9,27,2014-09-27T00:00:00Z,6
83843,2014,9,28,2014-09-28T00:00:00Z,0
74821,2014,9,29,2014-09-29T00:00:00Z,1
79914,2014,9,30,2014-09-30T00:00:00Z,2
80733,2014,10,1,2014-10-01T00:00:00Z,3
87098,2014,10,2,2014-10-02T00:00:00Z,4
98598,2014,10,3,2014-10-03T00:00:00Z,5
89822,2014,10,4,2014-10-04T00:00:00Z,6
71928,2014,10,5,2014-10-05T00:00:00Z,0
70232,2014,10,6,2014-10-06T00:00:00Z,1
74399,2014,10,7,2014-10-07T00:00:00Z,2
79840,2014,10,8,2014-10-08T00:00:00Z,3
86531,2014,10,9,2014-10-09T00:00:00Z,4
99287,2014,10,10,2014-10-10T00:00:00Z,5
93245,2014,10,11,2014-10-11T00:00:00Z,6
80926,2014,10,12,2014-10-12T00:00:00Z,0
73227,2014,10,13,2014-10-13T00:00:00Z,1
83636,2014,10,14,2014-10-14T00:00:00Z,2
85252,2014,10,15,2014-10-15T00:00:00Z,3
91034,2014,10,16,2014-10-16T00:00:00Z,4
106073,2014,10,17,2014-10-17T00:00:00Z,5
108809,2014,10,18,2014-10-18T00:00:00Z,6
92231,2014,10,19,2014-10-19T00:00:00Z,0
76642,2014,10,20,2014-10-20T00:00:00Z,1
78624,2014,10,21,2014-10-21T00:00:00Z,2
79800,2014,10,22,2014-10-22T00:00:00Z,3
84908,2014,10,23,2014-10-23T00:00:00Z,4
92040,2014,10,24,2014-10-24T00:00:00Z,5
88456,2014,10,25,2014-10-25T00:00:00Z,6
77010,2014,10,26,2014-10-26T00:00:00Z,0
70926,2014,10,27,2014-10-27T00:00:00Z,1
79073,2014,10,28,2014-10-28T00:00:00Z,2
82736,2014,10,29,2014-10-29T00:00:00Z,3
85696,2014,10,30,2014-10-30T00:00:00Z,4
103886,2014,10,31,2014-10-31T00:00:00Z,5
115524,2014,11,1,2014-11-01T00:00:00Z,6
83141,2014,11,2,2014-11-02T00:00:00Z,0
75655,2014,11,3,2014-11-03T00:00:00Z,1
81496,2014,11,4,2014-11-04T00:00:00Z,2
84515,2014,11,5,2014-11-05T00:00:00Z,3
94261,2014,11,6,2014-11-06T00:00:00Z,4
100042,2014,11,7,2014-11-07T00:00:00Z,5
95636,2014,11,8,2014-11-08T00:00:00Z,6
76843,2014,11,9,2014-11-09T00:00:00Z,0
68913,2014,11,10,2014-11-10T00:00:00Z,1
74544,2014,11,11,2014-11-11T00:00:00Z,2
85205,2014,11,12,2014-11-12T00:00:00Z,3
92003,2014,11,13,2014-11-13T00:00:00Z,4
103554,2014,11,14,2014-11-14T00:00:00Z,5
100374,2014,11,15,2014-11-15T00:00:00Z,6
84732,2014,11,16,2014-11-16T00:00:00Z,0
89204,2014,11,17,2014-11-17T00:00:00Z,1
88445,2014,11,18,2014-11-18T00:00:00Z,2
86537,2014,11,19,2014-11-19T00:00:00Z,3
93868,2014,11,20,2014-11-20T00:00:00Z,4
100436,2014,11,21,2014-11-21T00:00:00Z,5
85951,2014,11,22,2014-11-22T00:00:00Z,6
74805,2014,11,23,2014-11-23T00:00:00Z,0
72637,2014,11,24,2014-11-24T00:00:00Z,1
72337,2014,11,25,2014-11-25T00:00:00Z,2
66261,2014,11,26,2014-11-26T00:00:00Z,3
44168,2014,11,27,2014-11-27T00:00:00Z,4
55121,2014,11,28,2014-11-28T00:00:00Z,5
69993,2014,11,29,2014-11-29T00:00:00Z,6
65643,2014,11,30,2014-11-30T00:00:00Z,0
85513,2014,12,1,2014-12-01T00:00:00Z,1
89264,2014,12,2,2014-12-02T00:00:00Z,2
92885,2014,12,3,2014-12-03T00:00:00Z,3
99870,2014,12,4,2014-12-04T00:00:00Z,4
108827,2014,12,5,2014-12-05T00:00:00Z,5
103094,2014,12,6,2014-12-06T00:00:00Z,6
76748,2014,12,7,2014-12-07T00:00:00Z,0
74525,2014,12,8,2014-12-08T00:00:00Z,1
78907,2014,12,9,2014-12-09T00:00:00Z,2
83217,2014,12,10,2014-12-10T00:00:00Z,3
94662,2014,12,11,2014-12-11T00:00:00Z,4
110976,2014,12,12,2014-12-12T00:00:00Z,5
102123,2014,12,13,2014-12-13T00:00:00Z,6
76777,2014,12,14,2014-12-14T00:00:00Z,0
78425,2014,12,15,2014-12-15T00:00:00Z,1
81695,2014,12,16,2014-12-16T00:00:00Z,2
88265,2014,12,17,2014-12-17T00:00:00Z,3
96822,2014,12,18,2014-12-18T00:00:00Z,4
104699,2014,12,19,2014-12-19T00:00:00Z,5
90702,2014,12,20,2014-12-20T00:00:00Z,6
71487,2014,12,21,2014-12-21T00:00:00Z,0
70660,2014,12,22,2014-12-22T00:00:00Z,1
62262,2014,12,23,2014-12-23T00:00:00Z,2
40503,2014,12,24,2014-12-24T00:00:00Z,3
17744,2014,12,25,2014-12-25T00:00:00Z,4
39055,2014,12,26,2014-12-26T00:00:00Z,5
55873,2014,12,27,2014-12-27T00:00:00Z,6
52727,2014,12,28,2014-12-28T00:00:00Z,0
56076,2014,12,29,2014-12-29T00:00:00Z,1
66465,2014,12,30,2014-12-30T00:00:00Z,2
84610,2014,12,31,2014-12-31T00:00:00Z,3
78147,2015,1,1,2015-01-01T00:00:00Z,4
58502,2015,1,2,2015-01-02T00:00:00Z,5
60484,2015,1,3,2015-01-03T00:00:00Z,6
51746,2015,1,4,2015-01-04T00:00:00Z,0
63714,2015,1,5,2015-01-05T00:00:00Z,1
67036,2015,1,6,2015-01-06T00:00:00Z,2
65488,2015,1,7,2015-01-07T00:00:00Z,3
70940,2015,1,8,2015-01-08T00:00:00Z,4
87975,2015,1,9,2015-01-09T00:00:00Z,5
75999,2015,1,10,2015-01-10T00:00:00Z,6
61760,2015,1,11,2015-01-11T00:00:00Z,0
70458,2015,1,12,2015-01-12T00:00:00Z,1
72671,2015,1,13,2015-01-13T00:00:00Z,2
76898,2015,1,14,2015-01-14T00:00:00Z,3
78270,2015,1,15,2015-01-15T00:00:00Z,4
87524,2015,1,16,2015-01-16T00:00:00Z,5
81379,2015,1,17,2015-01-17T00:00:00Z,6
68917,2015,1,18,2015-01-18T00:00:00Z,0
51666,2015,1,19,2015-01-19T00:00:00Z,1
65604,2015,1,20,2015-01-20T00:00:00Z,2
67872,2015,1,21,2015-01-21T00:00:00Z,3
75846,2015,1,22,2015-01-22T00:00:00Z,4
86889,2015,1,23,2015-01-23T00:00:00Z,5
79882,2015,1,24,2015-01-24T00:00:00Z,6
75431,2015,1,25,2015-01-25T00:00:00Z,0
80773,2015,1,26,2015-01-26T00:00:00Z,1
78194,2015,1,27,2015-01-27T00:00:00Z,2
75432,2015,1,28,2015-01-28T00:00:00Z,3
77060,2015,1,29,2015-01-29T00:00:00Z,4
90935,2015,1,30,2015-01-30T00:00:00Z,5
79987,2015,1,31,2015-01-31T00:00:00Z,6
50033,2015,2,1,2015-02-01T00:00:00Z,0
63497,2015,2,2,2015-02-02T00:00:00Z,1
74327,2015,2,3,2015-02-03T00:00:00Z,2
80538,2015,2,4,2015-02-04T00:00:00Z,3
87340,2015,2,5,2015-02-05T00:00:00Z,4
93219,2015,2,6,2015-02-06T00:00:00Z,5
86653,2015,2,7,2015-02-07T00:00:00Z,6
65934,2015,2,8,2015-02-08T00:00:00Z,0
71644,2015,2,9,2015-02-09T00:00:00Z,1
72468,2015,2,10,2015-02-10T00:00:00Z,2
76581,2015,2,11,2015-02-11T00:00:00Z,3
87660,2015,2,12,2015-02-12T00:00:00Z,4
101915,2015,2,13,2015-02-13T00:00:00Z,5
105903,2015,2,14,2015-02-14T00:00:00Z,6
71028,2015,2,15,2015-02-15T00:00:00Z,0
61255,2015,2,16,2015-02-16T00:00:00Z,1
73664,2015,2,17,2015-02-17T00:00:00Z,2
84783,2015,2,18,2015-02-18T00:00:00Z,3
89029,2015,2,19,2015-02-19T00:00:00Z,4
100407,2015,2,20,2015-02-20T00:00:00Z,5
92801,2015,2,21,2015-02-21T00:00:00Z,6
78174,2015,2,22,2015-02-22T00:00:00Z,0
78123,2015,2,23,2015-02-23T00:00:00Z,1
79517,2015,2,24,2015-02-24T00:00:00Z,2
83326,2015,2,25,2015-02-25T00:00:00Z,3
92078,2015,2,26,2015-02-26T00:00:00Z,4
106845,2015,2,27,2015-02-27T00:00:00Z,5
94868,2015,2,28,2015-02-28T00:00:00Z,6
69135,2015,3,1,2015-03-01T00:00:00Z,0
69398,2015,3,2,2015-03-02T00:00:00Z,1
75605,2015,3,3,2015-03-03T00:00:00Z,2
79031,2015,3,4,2015-03-04T00:00:00Z,3
89989,2015,3,5,2015-03-05T00:00:00Z,4
104191,2015,3,6,2015-03-06T00:00:00Z,5
92276,2015,3,7,2015-03-07T00:00:00Z,6
75694,2015,3,8,2015-03-08T00:00:00Z,0
76406,2015,3,9,2015-03-09T00:00:00Z,1
73134,2015,3,10,2015-03-10T00:00:00Z,2
76675,2015,3,11,2015-03-11T00:00:00Z,3
84906,2015,3,12,2015-03-12T00:00:00Z,4
97953,2015,3,13,2015-03-13T00:00:00Z,5
129397,2015,3,14,2015-03-14T00:00:00Z,6
74873,2015,3,15,2015-03-15T00:00:00Z,0
66914,2015,3,16,2015-03-16T00:00:00Z,1
80843,2015,3,17,2015-03-17T00:00:00Z,2
80481,2015,3,18,2015-03-18T00:00:00Z,3
85427,2015,3,19,2015-03-19T00:00:00Z,4
94599,2015,3,20,2015-03-20T00:00:00Z,5
91325,2015,3,21,2015-03-21T00:00:00Z,6
77541,2015,3,22,2015-03-22T00:00:00Z,0
77726,2015,3,23,2015-03-23T00:00:00Z,1
80802,2015,3,24,2015-03-24T00:00:00Z,2
80952,2015,3,25,2015-03-25T00:00:00Z,3
83144,2015,3,26,2015-03-26T00:00:00Z,4
96149,2015,3,27,2015-03-27T00:00:00Z,5
87013,2015,3,28,2015-03-28T00:00:00Z,6
70207,2015,3,29,2015-03-29T00:00:00Z,0
62852,2015,3,30,2015-03-30T00:00:00Z,1
66053,2015,3,31,2015-03-31T00:00:00Z,2
68679,2015,4,1,2015-04-01T00:00:00Z,3
78241,2015,4,2,2015-04-02T00:00:00Z,4
80222,2015,4,3,2015-04-03T00:00:00Z,5
70050,2015,4,4,2015-04-04T00:00:00Z,6
58787,2015,4,5,2015-04-05T00:00:00Z,0
64695,2015,4,6,2015-04-06T00:00:00Z,1
72120,2015,4,7,2015-04-07T00:00:00Z,2
74453,2015,4,8,2015-04-08T00:00:00Z,3
80096,2015,4,9,2015-04-09T00:00:00Z,4
91507,2015,4,10,2015-04-10T00:00:00Z,5
83701,2015,4,11,2015-04-11T00:00:00Z,6
72923,2015,4,12,2015-04-12T00:00:00Z,0
79467,2015,4,13,2015-04-13T00:00:00Z,1
84127,2015,4,14,2015-04-14T00:00:00Z,2
87763,2015,4,15,2015-04-15T00:00:00Z,3
88176,2015,4,16,2015-04-16T00:00:00Z,4
95551,2015,4,17,2015-04-17T00:00:00Z,5
95857,2015,4,18,2015-04-18T00:00:00Z,6
74794,2015,4,19,2015-04-19T00:00:00Z,0
73714,2015,4,20,2015-04-20T00:00:00Z,1
77270,2015,4,21,2015-04-21T00:00:00Z,2
83103,2015,4,22,2015-04-22T00:00:00Z,3
86647,2015,4,23,2015-04-23T00:00:00Z,4
97626,2015,4,24,2015-04-24T00:00:00Z,5
88005,2015,4,25,2015-04-25T00:00:00Z,6
72122,2015,4,26,2015-04-26T00:00:00Z,0
69956,2015,4,27,2015-04-27T00:00:00Z,1
71963,2015,4,28,2015-04-28T00:00:00Z,2
78687,2015,4,29,2015-04-29T00:00:00Z,3
87407,2015,4,30,2015-04-30T00:00:00Z,4
95251,2015,5,1,2015-05-01T00:00:00Z,5
95163,2015,5,2,2015-05-02T00:00:00Z,6
82680,2015,5,3,2015-05-03T00:00:00Z,0
73709,2015,5,4,2015-05-04T00:00:00Z,1
84724,2015,5,5,2015-05-05T00:00:00Z,2
84513,2015,5,6,2015-05-06T00:00:00Z,3
87038,2015,5,7,2015-05-07T00:00:00Z,4
91565,2015,5,8,2015-05-08T00:00:00Z,5
80924,2015,5,9,2015-05-09T00:00:00Z,6
65140,2015,5,10,2015-05-10T00:00:00Z,0
73288,2015,5,11,2015-05-11T00:00:00Z,1
79352,2015,5,12,2015-05-12T00:00:00Z,2
83895,2015,5,13,2015-05-13T00:00:00Z,3
91244,2015,5,14,2015-05-14T00:00:00Z,4
99989,2015,5,15,2015-05-15T00:00:00Z,5
97481,2015,5,16,2015-05-16T00:00:00Z,6
86723,2015,5,17,2015-05-17T00:00:00Z,0
83455,2015,5,18,2015-05-18T00:00:00Z,1
86316,2015,5,19,2015-05-19T00:00:00Z,2
85008,2015,5,20,2015-05-20T00:00:00Z,3
83045,2015,5,21,2015-05-21T00:00:00Z,4
82465,2015,5,22,2015-05-22T00:00:00Z,5
77896,2015,5,23,2015-05-23T00:00:00Z,6
73200,2015,5,24,2015-05-24T00:00:00Z,0
48507,2015,5,25,2015-05-25T00:00:00Z,1
67422,2015,5,26,2015-05-26T00:00:00Z,2
73167,2015,5,27,2015-05-27T00:00:00Z,3
84107,2015,5,28,2015-05-28T00:00:00Z,4
99442,2015,5,29,2015-05-29T00:00:00Z,5
105678,2015,5,30,2015-05-30T00:00:00Z,6
84148,2015,5,31,2015-05-31T00:00:00Z,0
79802,2015,6,1,2015-06-01T00:00:00Z,1
78545,2015,6,2,2015-06-02T00:00:00Z,2
79762,2015,6,3,2015-06-03T00:00:00Z,3
83175,2015,6,4,2015-06-04T00:00:00Z,4
90486,2015,6,5,2015-06-05T00:00:00Z,5
86815,2015,6,6,2015-06-06T00:00:00Z,6
69279,2015,6,7,2015-06-07T00:00:00Z,0
74217,2015,6,8,2015-06-08T00:00:00Z,1
76957,2015,6,9,2015-06-09T00:00:00Z,2
82277,2015,6,10,2015-06-10T00:00:00Z,3
88700,2015,6,11,2015-06-11T00:00:00Z,4
99198,2015,6,12,2015-06-12T00:00:00Z,5
100548,2015,6,13,2015-06-13T00:00:00Z,6
86337,2015,6,14,2015-06-14T00:00:00Z,0
89883,2015,6,15,2015-06-15T00:00:00Z,1
89973,2015,6,16,2015-06-16T00:00:00Z,2
82764,2015,6,17,2015-06-17T00:00:00Z,3
86934,2015,6,18,2015-06-18T00:00:00Z,4
90643,2015,6,19,2015-06-19T00:00:00Z,5
88215,2015,6,20,2015-06-20T00:00:00Z,6
64372,2015,6,21,2015-06-21T00:00:00Z,0
69339,2015,6,22,2015-06-22T00:00:00Z,1
72261,2015,6,23,2015-06-23T00:00:00Z,2
80659,2015,6,24,2015-06-24T00:00:00Z,3
85661,2015,6,25,2015-06-25T00:00:00Z,4
90519,2015,6,26,2015-06-26T00:00:00Z,5
77373,2015,6,27,2015-06-27T00:00:00Z,6
72689,2015,6,28,2015-06-28T00:00:00Z,0
63743,2015,6,29,2015-06-29T00:00:00Z,1
64655,2015,6,30,2015-06-30T00:00:00Z,2
68475,2015,7,1,2015-07-01T00:00:00Z,3
74116,2015,7,2,2015-07-02T00:00:00Z,4
78531,2015,7,3,2015-07-03T00:00:00Z,5
81449,2015,7,4,2015-07-04T00:00:00Z,6
71303,2015,7,5,2015-07-05T00:00:00Z,0
71611,2015,7,6,2015-07-06T00:00:00Z,1
68354,2015,7,7,2015-07-07T00:00:00Z,2
72053,2015,7,8,2015-07-08T00:00:00Z,3
78695,2015,7,9,2015-07-09T00:00:00Z,4
88043,2015,7,10,2015-07-10T00:00:00Z,5
88319,2015,7,11,2015-07-11T00:00:00Z,6
60140,2015,7,12,2015-07-12T00:00:00Z,0
57171,2015,7,13,2015-07-13T00:00:00Z,1
58771,2015,7,14,2015-07-14T00:00:00Z,2
59577,2015,7,15,2015-07-15T00:00:00Z,3
64948,2015,7,16,2015-07-16T00:00:00Z,4
68265,2015,7,17,2015-07-17T00:00:00Z,5
67536,2015,7,18,2015-07-18T00:00:00Z,6
72602,2015,7,19,2015-07-19T00:00:00Z,0
66316,2015,7,20,2015-07-20T00:00:00Z,1
65585,2015,7,21,2015-07-21T00:00:00Z,2
71839,2015,7,22,2015-07-22T00:00:00Z,3
77623,2015,7,23,2015-07-23T00:00:00Z,4
86586,2015,7,24,2015-07-24T00:00:00Z,5
86118,2015,7,25,2015-07-25T00:00:00Z,6
66200,2015,7,26,2015-07-26T00:00:00Z,0
63701,2015,7,27,2015-07-27T00:00:00Z,1
70718,2015,7,28,2015-07-28T00:00:00Z,2
76987,2015,7,29,2015-07-29T00:00:00Z,3
84392,2015,7,30,2015-07-30T00:00:00Z,4
90157,2015,7,31,2015-07-31T00:00:00Z,5
84055,2015,8,1,2015-08-01T00:00:00Z,6
76218,2015,8,2,2015-08-02T00:00:00Z,0
68593,2015,8,3,2015-08-03T00:00:00Z,1
64063,2015,8,4,2015-08-04T00:00:00Z,2
69994,2015,8,5,2015-08-05T00:00:00Z,3
77646,2015,8,6,2015-08-06T00:00:00Z,4
86684,2015,8,7,2015-08-07T00:00:00Z,5
81512,2015,8,8,2015-08-08T00:00:00Z,6
65428,2015,8,9,2015-08-09T00:00:00Z,0
63106,2015,8,10,2015-08-10T00:00:00Z,1
66622,2015,8,11,2015-08-11T00:00:00Z,2
71642,2015,8,12,2015-08-12T00:00:00Z,3
80015,2015,8,13,2015-08-13T00:00:00Z,4
87554,2015,8,14,2015-08-14T00:00:00Z,5
81106,2015,8,15,2015-08-15T00:00:00Z,6
68810,2015,8,16,2015-08-16T00:00:00Z,0
65874,2015,8,17,2015-08-17T00:00:00Z,1
70527,2015,8,18,2015-08-18T00:00:00Z,2
74848,2015,8,19,2015-08-19T00:00:00Z,3
77992,2015,8,20,2015-08-20T00:00:00Z,4
85512,2015,8,21,2015-08-21T00:00:00Z,5
78066,2015,8,22,2015-08-22T00:00:00Z,6
62670,2015,8,23,2015-08-23T00:00:00Z,0
60208,2015,8,24,2015-08-24T00:00:00Z,1
61547,2015,8,25,2015-08-25T00:00:00Z,2
66105,2015,8,26,2015-08-26T00:00:00Z,3
72214,2015,8,27,2015-08-27T00:00:00Z,4
76736,2015,8,28,2015-08-28T00:00:00Z,5
71779,2015,8,29,2015-08-29T00:00:00Z,6
58779,2015,8,30,2015-08-30T00:00:00Z,0
56884,2015,8,31,2015-08-31T00:00:00Z,1
63195,2015,9,1,2015-09-01T00:00:00Z,2
67288,2015,9,2,2015-09-02T00:00:00Z,3
73795,2015,9,3,2015-09-03T00:00:00Z,4
74449,2015,9,4,2015-09-04T00:00:00Z,5
70090,2015,9,5,2015-09-05T00:00:00Z,6
70472,2015,9,6,2015-09-06T00:00:00Z,0
45493,2015,9,7,2015-09-07T00:00:00Z,1
62323,2015,9,8,2015-09-08T00:00:00Z,2
64355,2015,9,9,2015-09-09T00:00:00Z,3
74181,2015,9,10,2015-09-10T00:00:00Z,4
84626,2015,9,11,2015-09-11T00:00:00Z,5
77072,2015,9,12,2015-09-12T00:00:00Z,6
65961,2015,9,13,2015-09-13T00:00:00Z,0
64320,2015,9,14,2015-09-14T00:00:00Z,1
71004,2015,9,15,2015-09-15T00:00:00Z,2
77314,2015,9,16,2015-09-16T00:00:00Z,3
82106,2015,9,17,2015-09-17T00:00:00Z,4
91326,2015,9,18,2015-09-18T00:00:00Z,5
80148,2015,9,19,2015-09-19T00:00:00Z,6
68941,2015,9,20,2015-09-20T00:00:00Z,0
62397,2015,9,21,2015-09-21T00:00:00Z,1
64117,2015,9,22,2015-09-22T00:00:00Z,2
64852,2015,9,23,2015-09-23T00:00:00Z,3
72464,2015,9,24,2015-09-24T00:00:00Z,4
82469,2015,9,25,2015-09-25T00:00:00Z,5
77905,2015,9,26,2015-09-26T00:00:00Z,6
67875,2015,9,27,2015-09-27T00:00:00Z,0
71164,2015,9,28,2015-09-28T00:00:00Z,1
78294,2015,9,29,2015-09-29T00:00:00Z,2
75570,2015,9,30,2015-09-30T00:00:00Z,3
77332,2015,10,1,2015-10-01T00:00:00Z,4
82180,2015,10,2,2015-10-02T00:00:00Z,5
75555,2015,10,3,2015-10-03T00:00:00Z,6
64157,2015,10,4,2015-10-04T00:00:00Z,0
66150,2015,10,5,2015-10-05T00:00:00Z,1
69584,2015,10,6,2015-10-06T00:00:00Z,2
77416,2015,10,7,2015-10-07T00:00:00Z,3
64964,2015,10,8,2015-10-08T00:00:00Z,4
81901,2015,10,9,2015-10-09T00:00:00Z,5
73224,2015,10,10,2015-10-10T00:00:00Z,6
62788,2015,10,11,2015-10-11T00:00:00Z,0
63738,2015,10,12,2015-10-12T00:00:00Z,1
75916,2015,10,13,2015-10-13T00:00:00Z,2
76118,2015,10,14,2015-10-14T00:00:00Z,3
81753,2015,10,15,2015-10-15T00:00:00Z,4
90607,2015,10,16,2015-10-16T00:00:00Z,5
78711,2015,10,17,2015-10-17T00:00:00Z,6
64140,2015,10,18,2015-10-18T00:00:00Z,0
66877,2015,10,19,2015-10-19T00:00:00Z,1
74082,2015,10,20,2015-10-20T00:00:00Z,2
75436,2015,10,21,2015-10-21T00:00:00Z,3
76004,2015,10,22,2015-10-22T00:00:00Z,4
84456,2015,10,23,2015-10-23T00:00:00Z,5
73557,2015,10,24,2015-10-24T00:00:00Z,6
61058,2015,10,25,2015-10-25T00:00:00Z,0
64668,2015,10,26,2015-10-26T00:00:00Z,1
71301,2015,10,27,2015-10-27T00:00:00Z,2
71687,2015,10,28,2015-10-28T00:00:00Z,3
75710,2015,10,29,2015-10-29T00:00:00Z,4
78411,2015,10,30,2015-10-30T00:00:00Z,5
72558,2015,10,31,2015-10-31T00:00:00Z,6
73134,2015,11,1,2015-11-01T00:00:00Z,0
61779,2015,11,2,2015-11-02T00:00:00Z,1
66031,2015,11,3,2015-11-03T00:00:00Z,2
70848,2015,11,4,2015-11-04T00:00:00Z,3
76407,2015,11,5,2015-11-05T00:00:00Z,4
84528,2015,11,6,2015-11-06T00:00:00Z,5
74028,2015,11,7,2015-11-07T00:00:00Z,6
63037,2015,11,8,2015-11-08T00:00:00Z,0
66207,2015,11,9,2015-11-09T00:00:00Z,1
69496,2015,11,10,2015-11-10T00:00:00Z,2
68994,2015,11,11,2015-11-11T00:00:00Z,3
81267,2015,11,12,2015-11-12T00:00:00Z,4
81890,2015,11,13,2015-11-13T00:00:00Z,5
66307,2015,11,14,2015-11-14T00:00:00Z,6
56426,2015,11,15,2015-11-15T00:00:00Z,0
64288,2015,11,16,2015-11-16T00:00:00Z,1
73666,2015,11,17,2015-11-17T00:00:00Z,2
74508,2015,11,18,2015-11-18T00:00:00Z,3
80939,2015,11,19,2015-11-19T00:00:00Z,4
82546,2015,11,20,2015-11-20T00:00:00Z,5
72008,2015,11,21,2015-11-21T00:00:00Z,6
58774,2015,11,22,2015-11-22T00:00:00Z,0
57214,2015,11,23,2015-11-23T00:00:00Z,1
57611,2015,11,24,2015-11-24T00:00:00Z,2
49801,2015,11,25,2015-11-25T00:00:00Z,3
30782,2015,11,26,2015-11-26T00:00:00Z,4
42023,2015,11,27,2015-11-27T00:00:00Z,5
55948,2015,11,28,2015-11-28T00:00:00Z,6
51584,2015,11,29,2015-11-29T00:00:00Z,0
71997,2015,11,30,2015-11-30T00:00:00Z,1
74935,2015,12,1,2015-12-01T00:00:00Z,2
79223,2015,12,2,2015-12-02T00:00:00Z,3
84953,2015,12,3,2015-12-03T00:00:00Z,4
88357,2015,12,4,2015-12-04T00:00:00Z,5
75974,2015,12,5,2015-12-05T00:00:00Z,6
59529,2015,12,6,2015-12-06T00:00:00Z,0
60662,2015,12,7,2015-12-07T00:00:00Z,1
64132,2015,12,8,2015-12-08T00:00:00Z,2
68113,2015,12,9,2015-12-09T00:00:00Z,3
78838,2015,12,10,2015-12-10T00:00:00Z,4
87084,2015,12,11,2015-12-11T00:00:00Z,5
75472,2015,12,12,2015-12-12T00:00:00Z,6
60260,2015,12,13,2015-12-13T00:00:00Z,0
63280,2015,12,14,2015-12-14T00:00:00Z,1
67653,2015,12,15,2015-12-15T00:00:00Z,2
75332,2015,12,16,2015-12-16T00:00:00Z,3
85270,2015,12,17,2015-12-17T00:00:00Z,4
92001,2015,12,18,2015-12-18T00:00:00Z,5
73345,2015,12,19,2015-12-19T00:00:00Z,6
52557,2015,12,20,2015-12-20T00:00:00Z,0
57935,2015,12,21,2015-12-21T00:00:00Z,1
58089,2015,12,22,2015-12-22T00:00:00Z,2
52230,2015,12,23,2015-12-23T00:00:00Z,3
32476,2015,12,24,2015-12-24T00:00:00Z,4
14577,2015,12,25,2015-12-25T00:00:00Z,5
29728,2015,12,26,2015-12-26T00:00:00Z,6
37837,2015,12,27,2015-12-27T00:00:00Z,0
51672,2015,12,28,2015-12-28T00:00:00Z,1
49908,2015,12,29,2015-12-29T00:00:00Z,2
55627,2015,12,30,2015-12-30T00:00:00Z,3
64899,2015,12,31,2015-12-31T00:00:00Z,4
65466,2016,1,1,2016-01-01T00:00:00Z,5
46553,2016,1,2,2016-01-02T00:00:00Z,6
39404,2016,1,3,2016-01-03T00:00:00Z,0
46134,2016,1,4,2016-01-04T00:00:00Z,1
49066,2016,1,5,2016-01-05T00:00:00Z,2
51923,2016,1,6,2016-01-06T00:00:00Z,3
54294,2016,1,7,2016-01-07T00:00:00Z,4
63714,2016,1,8,2016-01-08T00:00:00Z,5
50970,2016,1,9,2016-01-09T00:00:00Z,6
43192,2016,1,10,2016-01-10T00:00:00Z,0
56495,2016,1,11,2016-01-11T00:00:00Z,1
59941,2016,1,12,2016-01-12T00:00:00Z,2
62620,2016,1,13,2016-01-13T00:00:00Z,3
60952,2016,1,14,2016-01-14T00:00:00Z,4
68617,2016,1,15,2016-01-15T00:00:00Z,5
57084,2016,1,16,2016-01-16T00:00:00Z,6
50665,2016,1,17,2016-01-17T00:00:00Z,0
45053,2016,1,18,2016-01-18T00:00:00Z,1
59384,2016,1,19,2016-01-19T00:00:00Z,2
61428,2016,1,20,2016-01-20T00:00:00Z,3
64435,2016,1,21,2016-01-21T00:00:00Z,4
68068,2016,1,22,2016-01-22T00:00:00Z,5
53753,2016,1,23,2016-01-23T00:00:00Z,6
43649,2016,1,24,2016-01-24T00:00:00Z,0
52917,2016,1,25,2016-01-25T00:00:00Z,1
55360,2016,1,26,2016-01-26T00:00:00Z,2
57457,2016,1,27,2016-01-27T00:00:00Z,3
61741,2016,1,28,2016-01-28T00:00:00Z,4
65695,2016,1,29,2016-01-29T00:00:00Z,5
49861,2016,1,30,2016-01-30T00:00:00Z,6
40960,2016,1,31,2016-01-31T00:00:00Z,0
47584,2016,2,1,2016-02-01T00:00:00Z,1
59415,2016,2,2,2016-02-02T00:00:00Z,2
56493,2016,2,3,2016-02-03T00:00:00Z,3
61622,2016,2,4,2016-02-04T00:00:00Z,4
62805,2016,2,5,2016-02-05T00:00:00Z,5
50490,2016,2,6,2016-02-06T00:00:00Z,6
42221,2016,2,7,2016-02-07T00:00:00Z,0
53280,2016,2,8,2016-02-08T00:00:00Z,1
61313,2016,2,9,2016-02-09T00:00:00Z,2
65191,2016,2,10,2016-02-10T00:00:00Z,3
69842,2016,2,11,2016-02-11T00:00:00Z,4
75719,2016,2,12,2016-02-12T00:00:00Z,5
67914,2016,2,13,2016-02-13T00:00:00Z,6
57385,2016,2,14,2016-02-14T00:00:00Z,0
47830,2016,2,15,2016-02-15T00:00:00Z,1
58663,2016,2,16,2016-02-16T00:00:00Z,2
62914,2016,2,17,2016-02-17T00:00:00Z,3
67243,2016,2,18,2016-02-18T00:00:00Z,4
71713,2016,2,19,2016-02-19T00:00:00Z,5
64345,2016,2,20,2016-02-20T00:00:00Z,6
51774,2016,2,21,2016-02-21T00:00:00Z,0
53419,2016,2,22,2016-02-22T00:00:00Z,1
57566,2016,2,23,2016-02-23T00:00:00Z,2
64404,2016,2,24,2016-02-24T00:00:00Z,3
73613,2016,2,25,2016-02-25T00:00:00Z,4
78816,2016,2,26,2016-02-26T00:00:00Z,5
64271,2016,2,27,2016-02-27T00:00:00Z,6
48798,2016,2,28,2016-02-28T00:00:00Z,0
55531,2016,2,29,2016-02-29T00:00:00Z,1
61145,2016,3,1,2016-03-01T00:00:00Z,2
64009,2016,3,2,2016-03-02T00:00:00Z,3
70010,2016,3,3,2016-03-03T00:00:00Z,4
77177,2016,3,4,2016-03-04T00:00:00Z,5
63674,2016,3,5,2016-03-05T00:00:00Z,6
54787,2016,3,6,2016-03-06T00:00:00Z,0
59644,2016,3,7,2016-03-07T00:00:00Z,1
60172,2016,3,8,2016-03-08T00:00:00Z,2
60141,2016,3,9,2016-03-09T00:00:00Z,3
69060,2016,3,10,2016-03-10T00:00:00Z,4
77752,2016,3,11,2016-03-11T00:00:00Z,5
92207,2016,3,12,2016-03-12T00:00:00Z,6
57709,2016,3,13,2016-03-13T00:00:00Z,0
62029,2016,3,14,2016-03-14T00:00:00Z,1
62657,2016,3,15,2016-03-15T00:00:00Z,2
68329,2016,3,16,2016-03-16T00:00:00Z,3
74783,2016,3,17,2016-03-17T00:00:00Z,4
79909,2016,3,18,2016-03-18T00:00:00Z,5
65102,2016,3,19,2016-03-19T00:00:00Z,6
52039,2016,3,20,2016-03-20T00:00:00Z,0
53511,2016,3,21,2016-03-21T00:00:00Z,1
55398,2016,3,22,2016-03-22T00:00:00Z,2
64630,2016,3,23,2016-03-23T00:00:00Z,3
74534,2016,3,24,2016-03-24T00:00:00Z,4
66281,2016,3,25,2016-03-25T00:00:00Z,5
55391,2016,3,26,2016-03-26T00:00:00Z,6
43391,2016,3,27,2016-03-27T00:00:00Z,0
49968,2016,3,28,2016-03-28T00:00:00Z,1
53642,2016,3,29,2016-03-29T00:00:00Z,2
62039,2016,3,30,2016-03-30T00:00:00Z,3
65184,2016,3,31,2016-03-31T00:00:00Z,4
77938,2016,4,1,2016-04-01T00:00:00Z,5
71796,2016,4,2,2016-04-02T00:00:00Z,6
58282,2016,4,3,2016-04-03T00:00:00Z,0
66626,2016,4,4,2016-04-04T00:00:00Z,1
64693,2016,4,5,2016-04-05T00:00:00Z,2
70986,2016,4,6,2016-04-06T00:00:00Z,3
74108,2016,4,7,2016-04-07T00:00:00Z,4
78843,2016,4,8,2016-04-08T00:00:00Z,5
66049,2016,4,9,2016-04-09T00:00:00Z,6
49337,2016,4,10,2016-04-10T00:00:00Z,0
57043,2016,4,11,2016-04-11T00:00:00Z,1
62002,2016,4,12,2016-04-12T00:00:00Z,2
66262,2016,4,13,2016-04-13T00:00:00Z,3
69430,2016,4,14,2016-04-14T00:00:00Z,4
75494,2016,4,15,2016-04-15T00:00:00Z,5
65314,2016,4,16,2016-04-16T00:00:00Z,6
53616,2016,4,17,2016-04-17T00:00:00Z,0
57101,2016,4,18,2016-04-18T00:00:00Z,1
65571,2016,4,19,2016-04-19T00:00:00Z,2
67958,2016,4,20,2016-04-20T00:00:00Z,3
65610,2016,4,21,2016-04-21T00:00:00Z,4
69360,2016,4,22,2016-04-22T00:00:00Z,5
54608,2016,4,23,2016-04-23T00:00:00Z,6
47166,2016,4,24,2016-04-24T00:00:00Z,0
51320,2016,4,25,2016-04-25T00:00:00Z,1
63786,2016,4,26,2016-04-26T00:00:00Z,2
68157,2016,4,27,2016-04-27T00:00:00Z,3
70527,2016,4,28,2016-04-28T00:00:00Z,4
75501,2016,4,29,2016-04-29T00:00:00Z,5
68787,2016,4,30,2016-04-30T00:00:00Z,6
50213,2016,5,1,2016-05-01T00:00:00Z,0
55304,2016,5,2,2016-05-02T00:00:00Z,1
58582,2016,5,3,2016-05-03T00:00:00Z,2
64729,2016,5,4,2016-05-04T00:00:00Z,3
70030,2016,5,5,2016-05-05T00:00:00Z,4
72904,2016,5,6,2016-05-06T00:00:00Z,5
61160,2016,5,7,2016-05-07T00:00:00Z,6
45936,2016,5,8,2016-05-08T00:00:00Z,0
63919,2016,5,9,2016-05-09T00:00:00Z,1
69310,2016,5,10,2016-05-10T00:00:00Z,2
69667,2016,5,11,2016-05-11T00:00:00Z,3
72644,2016,5,12,2016-05-12T00:00:00Z,4
78729,2016,5,13,2016-05-13T00:00:00Z,5
64294,2016,5,14,2016-05-14T00:00:00Z,6
51280,2016,5,15,2016-05-15T00:00:00Z,0
53445,2016,5,16,2016-05-16T00:00:00Z,1
61662,2016,5,17,2016-05-17T00:00:00Z,2
64735,2016,5,18,2016-05-18T00:00:00Z,3
68546,2016,5,19,2016-05-19T00:00:00Z,4
76130,2016,5,20,2016-05-20T00:00:00Z,5
67307,2016,5,21,2016-05-21T00:00:00Z,6
62632,2016,5,22,2016-05-22T00:00:00Z,0
66307,2016,5,23,2016-05-23T00:00:00Z,1
65488,2016,5,24,2016-05-24T00:00:00Z,2
65673,2016,5,25,2016-05-25T00:00:00Z,3
65801,2016,5,26,2016-05-26T00:00:00Z,4
67478,2016,5,27,2016-05-27T00:00:00Z,5
59234,2016,5,28,2016-05-28T00:00:00Z,6
56126,2016,5,29,2016-05-29T00:00:00Z,0
40303,2016,5,30,2016-05-30T00:00:00Z,1
55165,2016,5,31,2016-05-31T00:00:00Z,2
61016,2016,6,1,2016-06-01T00:00:00Z,3
69151,2016,6,2,2016-06-02T00:00:00Z,4
80004,2016,6,3,2016-06-03T00:00:00Z,5
65463,2016,6,4,2016-06-04T00:00:00Z,6
61087,2016,6,5,2016-06-05T00:00:00Z,0
63174,2016,6,6,2016-06-06T00:00:00Z,1
67276,2016,6,7,2016-06-07T00:00:00Z,2
64896,2016,6,8,2016-06-08T00:00:00Z,3
68855,2016,6,9,2016-06-09T00:00:00Z,4
74648,2016,6,10,2016-06-10T00:00:00Z,5
73149,2016,6,11,2016-06-11T00:00:00Z,6
62138,2016,6,12,2016-06-12T00:00:00Z,0
63793,2016,6,13,2016-06-13T00:00:00Z,1
65644,2016,6,14,2016-06-14T00:00:00Z,2
66624,2016,6,15,2016-06-15T00:00:00Z,3
65514,2016,6,16,2016-06-16T00:00:00Z,4
72311,2016,6,17,2016-06-17T00:00:00Z,5
64355,2016,6,18,2016-06-18T00:00:00Z,6
55769,2016,6,19,2016-06-19T00:00:00Z,0
63820,2016,6,20,2016-06-20T00:00:00Z,1
64234,2016,6,21,2016-06-21T00:00:00Z,2
68730,2016,6,22,2016-06-22T00:00:00Z,3
66359,2016,6,23,2016-06-23T00:00:00Z,4
66960,2016,6,24,2016-06-24T00:00:00Z,5
64132,2016,6,25,2016-06-25T00:00:00Z,6
52719,2016,6,26,2016-06-26T00:00:00Z,0
52444,2016,6,27,2016-06-27T00:00:00Z,1
53290,2016,6,28,2016-06-28T00:00:00Z,2
56930,2016,6,29,2016-06-29T00:00:00Z,3
61185,2016,6,30,2016-06-30T00:00:00Z,4
56633,2016,7,1,2016-07-01T00:00:00Z,5
48583,2016,7,2,2016-07-02T00:00:00Z,6
44282,2016,7,3,2016-07-03T00:00:00Z,0
38107,2016,7,4,2016-07-04T00:00:00Z,1
44880,2016,7,5,2016-07-05T00:00:00Z,2
52708,2016,7,6,2016-07-06T00:00:00Z,3
56130,2016,7,7,2016-07-07T00:00:00Z,4
61871,2016,7,8,2016-07-08T00:00:00Z,5
55897,2016,7,9,2016-07-09T00:00:00Z,6
46524,2016,7,10,2016-07-10T00:00:00Z,0
55255,2016,7,11,2016-07-11T00:00:00Z,1
58228,2016,7,12,2016-07-12T00:00:00Z,2
64882,2016,7,13,2016-07-13T00:00:00Z,3
67130,2016,7,14,2016-07-14T00:00:00Z,4
72636,2016,7,15,2016-07-15T00:00:00Z,5
65469,2016,7,16,2016-07-16T00:00:00Z,6
50547,2016,7,17,2016-07-17T00:00:00Z,0
54929,2016,7,18,2016-07-18T00:00:00Z,1
58795,2016,7,19,2016-07-19T00:00:00Z,2
59875,2016,7,20,2016-07-20T00:00:00Z,3
63857,2016,7,21,2016-07-21T00:00:00Z,4
63884,2016,7,22,2016-07-22T00:00:00Z,5
59712,2016,7,23,2016-07-23T00:00:00Z,6
47158,2016,7,24,2016-07-24T00:00:00Z,0
50262,2016,7,25,2016-07-25T00:00:00Z,1
52968,2016,7,26,2016-07-26T00:00:00Z,2
59699,2016,7,27,2016-07-27T00:00:00Z,3
62472,2016,7,28,2016-07-28T00:00:00Z,4
66444,2016,7,29,2016-07-29T00:00:00Z,5
56298,2016,7,30,2016-07-30T00:00:00Z,6
49934,2016,7,31,2016-07-31T00:00:00Z,0
50927,2016,8,1,2016-08-01T00:00:00Z,1
48396,2016,8,2,2016-08-02T00:00:00Z,2
52789,2016,8,3,2016-08-03T00:00:00Z,3
55003,2016,8,4,2016-08-04T00:00:00Z,4
53592,2016,8,5,2016-08-05T00:00:00Z,5
47310,2016,8,6,2016-08-06T00:00:00Z,6
39579,2016,8,7,2016-08-07T00:00:00Z,0
42899,2016,8,8,2016-08-08T00:00:00Z,1
50109,2016,8,9,2016-08-09T00:00:00Z,2
53403,2016,8,10,2016-08-10T00:00:00Z,3
59223,2016,8,11,2016-08-11T00:00:00Z,4
63013,2016,8,12,2016-08-12T00:00:00Z,5
50952,2016,8,13,2016-08-13T00:00:00Z,6
42598,2016,8,14,2016-08-14T00:00:00Z,0
48119,2016,8,15,2016-08-15T00:00:00Z,1
48785,2016,8,16,2016-08-16T00:00:00Z,2
53100,2016,8,17,2016-08-17T00:00:00Z,3
56247,2016,8,18,2016-08-18T00:00:00Z,4
55323,2016,8,19,2016-08-19T00:00:00Z,5
49277,2016,8,20,2016-08-20T00:00:00Z,6
43539,2016,8,21,2016-08-21T00:00:00Z,0
42437,2016,8,22,2016-08-22T00:00:00Z,1
46167,2016,8,23,2016-08-23T00:00:00Z,2
48432,2016,8,24,2016-08-24T00:00:00Z,3
49657,2016,8,25,2016-08-25T00:00:00Z,4
52098,2016,8,26,2016-08-26T00:00:00Z,5
48190,2016,8,27,2016-08-27T00:00:00Z,6
38590,2016,8,28,2016-08-28T00:00:00Z,0
42545,2016,8,29,2016-08-29T00:00:00Z,1
46175,2016,8,30,2016-08-30T00:00:00Z,2
45983,2016,8,31,2016-08-31T00:00:00Z,3
48734,2016,9,1,2016-09-01T00:00:00Z,4
47305,2016,9,2,2016-09-02T00:00:00Z,5
41055,2016,9,3,2016-09-03T00:00:00Z,6
38555,2016,9,4,2016-09-04T00:00:00Z,0
25864,2016,9,5,2016-09-05T00:00:00Z,1
41460,2016,9,6,2016-09-06T00:00:00Z,2
47008,2016,9,7,2016-09-07T00:00:00Z,3
50691,2016,9,8,2016-09-08T00:00:00Z,4
51462,2016,9,9,2016-09-09T00:00:00Z,5
40660,2016,9,10,2016-09-10T00:00:00Z,6
22714,2016,9,11,2016-09-11T00:00:00Z,0
25747,2016,9,12,2016-09-12T00:00:00Z,1
29905,2016,9,13,2016-09-13T00:00:00Z,2
32472,2016,9,14,2016-09-14T00:00:00Z,3
34454,2016,9,15,2016-09-15T00:00:00Z,4
36455,2016,9,16,2016-09-16T00:00:00Z,5
29580,2016,9,17,2016-09-17T00:00:00Z,6
40139,2016,9,18,2016-09-18T00:00:00Z,0
50187,2016,9,19,2016-09-19T00:00:00Z,1
50188,2016,9,20,2016-09-20T00:00:00Z,2
54424,2016,9,21,2016-09-21T00:00:00Z,3
55908,2016,9,22,2016-09-22T00:00:00Z,4
57870,2016,9,23,2016-09-23T00:00:00Z,5
48613,2016,9,24,2016-09-24T00:00:00Z,6
40725,2016,9,25,2016-09-25T00:00:00Z,0
43595,2016,9,26,2016-09-26T00:00:00Z,1
46056,2016,9,27,2016-09-27T00:00:00Z,2
55628,2016,9,28,2016-09-28T00:00:00Z,3
53723,2016,9,29,2016-09-29T00:00:00Z,4
53255,2016,9,30,2016-09-30T00:00:00Z,5
42200,2016,10,1,2016-10-01T00:00:00Z,6
34537,2016,10,2,2016-10-02T00:00:00Z,0
37084,2016,10,3,2016-10-03T00:00:00Z,1
44489,2016,10,4,2016-10-04T00:00:00Z,2
49441,2016,10,5,2016-10-05T00:00:00Z,3
55945,2016,10,6,2016-10-06T00:00:00Z,4
56411,2016,10,7,2016-10-07T00:00:00Z,5
47196,2016,10,8,2016-10-08T00:00:00Z,6
38942,2016,10,9,2016-10-09T00:00:00Z,0
35978,2016,10,10,2016-10-10T00:00:00Z,1
41979,2016,10,11,2016-10-11T00:00:00Z,2
49166,2016,10,12,2016-10-12T00:00:00Z,3
53891,2016,10,13,2016-10-13T00:00:00Z,4
60577,2016,10,14,2016-10-14T00:00:00Z,5
50860,2016,10,15,2016-10-15T00:00:00Z,6
47885,2016,10,16,2016-10-16T00:00:00Z,0
49105,2016,10,17,2016-10-17T00:00:00Z,1
49369,2016,10,18,2016-10-18T00:00:00Z,2
50254,2016,10,19,2016-10-19T00:00:00Z,3
54690,2016,10,20,2016-10-20T00:00:00Z,4
58220,2016,10,21,2016-10-21T00:00:00Z,5
48780,2016,10,22,2016-10-22T00:00:00Z,6
42188,2016,10,23,2016-10-23T00:00:00Z,0
45300,2016,10,24,2016-10-24T00:00:00Z,1
50987,2016,10,25,2016-10-25T00:00:00Z,2
56745,2016,10,26,2016-10-26T00:00:00Z,3
54504,2016,10,27,2016-10-27T00:00:00Z,4
57322,2016,10,28,2016-10-28T00:00:00Z,5
51073,2016,10,29,2016-10-29T00:00:00Z,6
43728,2016,10,30,2016-10-30T00:00:00Z,0
41410,2016,10,31,2016-10-31T00:00:00Z,1
42532,2016,11,1,2016-11-01T00:00:00Z,2
51677,2016,11,2,2016-11-02T00:00:00Z,3
61278,2016,11,3,2016-11-03T00:00:00Z,4
56812,2016,11,4,2016-11-04T00:00:00Z,5
51354,2016,11,5,2016-11-05T00:00:00Z,6
42134,2016,11,6,2016-11-06T00:00:00Z,0
47145,2016,11,7,2016-11-07T00:00:00Z,1
48564,2016,11,8,2016-11-08T00:00:00Z,2
50918,2016,11,9,2016-11-09T00:00:00Z,3
50986,2016,11,10,2016-11-10T00:00:00Z,4
50168,2016,11,11,2016-11-11T00:00:00Z,5
40038,2016,11,12,2016-11-12T00:00:00Z,6
33162,2016,11,13,2016-11-13T00:00:00Z,0
38772,2016,11,14,2016-11-14T00:00:00Z,1
44281,2016,11,15,2016-11-15T00:00:00Z,2
49651,2016,11,16,2016-11-16T00:00:00Z,3
50864,2016,11,17,2016-11-17T00:00:00Z,4
56408,2016,11,18,2016-11-18T00:00:00Z,5
40715,2016,11,19,2016-11-19T00:00:00Z,6
30260,2016,11,20,2016-11-20T00:00:00Z,0
35288,2016,11,21,2016-11-21T00:00:00Z,1
36425,2016,11,22,2016-11-22T00:00:00Z,2
32550,2016,11,23,2016-11-23T00:00:00Z,3
16164,2016,11,24,2016-11-24T00:00:00Z,4
24894,2016,11,25,2016-11-25T00:00:00Z,5
33089,2016,11,26,2016-11-26T00:00:00Z,6
32657,2016,11,27,2016-11-27T00:00:00Z,0
48560,2016,11,28,2016-11-28T00:00:00Z,1
47003,2016,11,29,2016-11-29T00:00:00Z,2
50913,2016,11,30,2016-11-30T00:00:00Z,3
55314,2016,12,1,2016-12-01T00:00:00Z,4
55924,2016,12,2,2016-12-02T00:00:00Z,5
44604,2016,12,3,2016-12-03T00:00:00Z,6
35629,2016,12,4,2016-12-04T00:00:00Z,0
41635,2016,12,5,2016-12-05T00:00:00Z,1
44823,2016,12,6,2016-12-06T00:00:00Z,2
49691,2016,12,7,2016-12-07T00:00:00Z,3
56795,2016,12,8,2016-12-08T00:00:00Z,4
58579,2016,12,9,2016-12-09T00:00:00Z,5
44337,2016,12,10,2016-12-10T00:00:00Z,6
29016,2016,12,11,2016-12-11T00:00:00Z,0
41703,2016,12,12,2016-12-12T00:00:00Z,1
48339,2016,12,13,2016-12-13T00:00:00Z,2
53102,2016,12,14,2016-12-14T00:00:00Z,3
57092,2016,12,15,2016-12-15T00:00:00Z,4
59136,2016,12,16,2016-12-16T00:00:00Z,5
42834,2016,12,17,2016-12-17T00:00:00Z,6
32351,2016,12,18,2016-12-18T00:00:00Z,0
42340,2016,12,19,2016-12-19T00:00:00Z,1
43436,2016,12,20,2016-12-20T00:00:00Z,2
41886,2016,12,21,2016-12-21T00:00:00Z,3
39287,2016,12,22,2016-12-22T00:00:00Z,4
33391,2016,12,23,2016-12-23T00:00:00Z,5
17594,2016,12,24,2016-12-24T00:00:00Z,6
8263,2016,12,25,2016-12-25T00:00:00Z,0
16604,2016,12,26,2016-12-26T00:00:00Z,1
26639,2016,12,27,2016-12-27T00:00:00Z,2
29143,2016,12,28,2016-12-28T00:00:00Z,3
31343,2016,12,29,2016-12-29T00:00:00Z,4
32956,2016,12,30,2016-12-30T00:00:00Z,5
32095,2016,12,31,2016-12-31T00:00:00Z,6
30028,2017,1,1,2017-01-01T00:00:00Z,0
17714,2017,1,2,2017-01-02T00:00:00Z,1
27010,2017,1,3,2017-01-03T00:00:00Z,2
33010,2017,1,4,2017-01-04T00:00:00Z,3
39339,2017,1,5,2017-01-05T00:00:00Z,4
42809,2017,1,6,2017-01-06T00:00:00Z,5
29007,2017,1,7,2017-01-07T00:00:00Z,6
23483,2017,1,8,2017-01-08T00:00:00Z,0
33898,2017,1,9,2017-01-09T00:00:00Z,1
39687,2017,1,10,2017-01-10T00:00:00Z,2
40095,2017,1,11,2017-01-11T00:00:00Z,3
41337,2017,1,12,2017-01-12T00:00:00Z,4
43493,2017,1,13,2017-01-13T00:00:00Z,5
29427,2017,1,14,2017-01-14T00:00:00Z,6
24888,2017,1,15,2017-01-15T00:00:00Z,0
26593,2017,1,16,2017-01-16T00:00:00Z,1
35497,2017,1,17,2017-01-17T00:00:00Z,2
36856,2017,1,18,2017-01-18T00:00:00Z,3
42441,2017,1,19,2017-01-19T00:00:00Z,4
40995,2017,1,20,2017-01-20T00:00:00Z,5
30088,2017,1,21,2017-01-21T00:00:00Z,6
23374,2017,1,22,2017-01-22T00:00:00Z,0
32072,2017,1,23,2017-01-23T00:00:00Z,1
34562,2017,1,24,2017-01-24T00:00:00Z,2
37349,2017,1,25,2017-01-25T00:00:00Z,3
40244,2017,1,26,2017-01-26T00:00:00Z,4
43281,2017,1,27,2017-01-27T00:00:00Z,5
29788,2017,1,28,2017-01-28T00:00:00Z,6
23731,2017,1,29,2017-01-29T00:00:00Z,0
32897,2017,1,30,2017-01-30T00:00:00Z,1
34906,2017,1,31,2017-01-31T00:00:00Z,2
37097,2017,2,1,2017-02-01T00:00:00Z,3
41706,2017,2,2,2017-02-02T00:00:00Z,4
42143,2017,2,3,2017-02-03T00:00:00Z,5
28679,2017,2,4,2017-02-04T00:00:00Z,6
23342,2017,2,5,2017-02-05T00:00:00Z,0
31875,2017,2,6,2017-02-06T00:00:00Z,1
37173,2017,2,7,2017-02-07T00:00:00Z,2
40504,2017,2,8,2017-02-08T00:00:00Z,3
42970,2017,2,9,2017-02-09T00:00:00Z,4
42422,2017,2,10,2017-02-10T00:00:00Z,5
31730,2017,2,11,2017-02-11T00:00:00Z,6
24768,2017,2,12,2017-02-12T00:00:00Z,0
31888,2017,2,13,2017-02-13T00:00:00Z,1
36389,2017,2,14,2017-02-14T00:00:00Z,2
40043,2017,2,15,2017-02-15T00:00:00Z,3
41760,2017,2,16,2017-02-16T00:00:00Z,4
40083,2017,2,17,2017-02-17T00:00:00Z,5
34730,2017,2,18,2017-02-18T00:00:00Z,6
27548,2017,2,19,2017-02-19T00:00:00Z,0
25079,2017,2,20,2017-02-20T00:00:00Z,1
34848,2017,2,21,2017-02-21T00:00:00Z,2
40446,2017,2,22,2017-02-22T00:00:00Z,3
50573,2017,2,23,2017-02-23T00:00:00Z,4
50462,2017,2,24,2017-02-24T00:00:00Z,5
38229,2017,2,25,2017-02-25T00:00:00Z,6
26855,2017,2,26,2017-02-26T00:00:00Z,0
33327,2017,2,27,2017-02-27T00:00:00Z,1
39492,2017,2,28,2017-02-28T00:00:00Z,2
44141,2017,3,1,2017-03-01T00:00:00Z,3
43081,2017,3,2,2017-03-02T00:00:00Z,4
46774,2017,3,3,2017-03-03T00:00:00Z,5
33701,2017,3,4,2017-03-04T00:00:00Z,6
26000,2017,3,5,2017-03-05T00:00:00Z,0
33618,2017,3,6,2017-03-06T00:00:00Z,1
38634,2017,3,7,2017-03-07T00:00:00Z,2
42561,2017,3,8,2017-03-08T00:00:00Z,3
45744,2017,3,9,2017-03-09T00:00:00Z,4
49769,2017,3,10,2017-03-10T00:00:00Z,5
52047,2017,3,11,2017-03-11T00:00:00Z,6
27427,2017,3,12,2017-03-12T00:00:00Z,0
38398,2017,3,13,2017-03-13T00:00:00Z,1
38986,2017,3,14,2017-03-14T00:00:00Z,2
46431,2017,3,15,2017-03-15T00:00:00Z,3
50711,2017,3,16,2017-03-16T00:00:00Z,4
56228,2017,3,17,2017-03-17T00:00:00Z,5
42607,2017,3,18,2017-03-18T00:00:00Z,6
35104,2017,3,19,2017-03-19T00:00:00Z,0
40221,2017,3,20,2017-03-20T00:00:00Z,1
43419,2017,3,21,2017-03-21T00:00:00Z,2
43766,2017,3,22,2017-03-22T00:00:00Z,3
44503,2017,3,23,2017-03-23T00:00:00Z,4
46808,2017,3,24,2017-03-24T00:00:00Z,5
37058,2017,3,25,2017-03-25T00:00:00Z,6
30883,2017,3,26,2017-03-26T00:00:00Z,0
36727,2017,3,27,2017-03-27T00:00:00Z,1
38251,2017,3,28,2017-03-28T00:00:00Z,2
41662,2017,3,29,2017-03-29T00:00:00Z,3
48472,2017,3,30,2017-03-30T00:00:00Z,4
49542,2017,3,31,2017-03-31T00:00:00Z,5
35902,2017,4,1,2017-04-01T00:00:00Z,6
30518,2017,4,2,2017-04-02T00:00:00Z,0
44101,2017,4,3,2017-04-03T00:00:00Z,1
46008,2017,4,4,2017-04-04T00:00:00Z,2
53152,2017,4,5,2017-04-05T00:00:00Z,3
49182,2017,4,6,2017-04-06T00:00:00Z,4
47469,2017,4,7,2017-04-07T00:00:00Z,5
34610,2017,4,8,2017-04-08T00:00:00Z,6
28064,2017,4,9,2017-04-09T00:00:00Z,0
38978,2017,4,10,2017-04-10T00:00:00Z,1
39062,2017,4,11,2017-04-11T00:00:00Z,2
41740,2017,4,12,2017-04-12T00:00:00Z,3
45386,2017,4,13,2017-04-13T00:00:00Z,4
39640,2017,4,14,2017-04-14T00:00:00Z,5
31340,2017,4,15,2017-04-15T00:00:00Z,6
22958,2017,4,16,2017-04-16T00:00:00Z,0
34038,2017,4,17,2017-04-17T00:00:00Z,1
39025,2017,4,18,2017-04-18T00:00:00Z,2
45247,2017,4,19,2017-04-19T00:00:00Z,3
45004,2017,4,20,2017-04-20T00:00:00Z,4
49160,2017,4,21,2017-04-21T00:00:00Z,5
36201,2017,4,22,2017-04-22T00:00:00Z,6
29983,2017,4,23,2017-04-23T00:00:00Z,0
35137,2017,4,24,2017-04-24T00:00:00Z,1
38433,2017,4,25,2017-04-25T00:00:00Z,2
43056,2017,4,26,2017-04-26T00:00:00Z,3
48241,2017,4,27,2017-04-27T00:00:00Z,4
47261,2017,4,28,2017-04-28T00:00:00Z,5
40417,2017,4,29,2017-04-29T00:00:00Z,6
27830,2017,4,30,2017-04-30T00:00:00Z,0
40261,2017,5,1,2017-05-01T00:00:00Z,1
42814,2017,5,2,2017-05-02T00:00:00Z,2
43331,2017,5,3,2017-05-03T00:00:00Z,3
46897,2017,5,4,2017-05-04T00:00:00Z,4
52257,2017,5,5,2017-05-05T00:00:00Z,5
43025,2017,5,6,2017-05-06T00:00:00Z,6
29782,2017,5,7,2017-05-07T00:00:00Z,0
36317,2017,5,8,2017-05-08T00:00:00Z,1
39812,2017,5,9,2017-05-09T00:00:00Z,2
45554,2017,5,10,2017-05-10T00:00:00Z,3
41102,2017,5,11,2017-05-11T00:00:00Z,4
41003,2017,5,12,2017-05-12T00:00:00Z,5
28572,2017,5,13,2017-05-13T00:00:00Z,6
24495,2017,5,14,2017-05-14T00:00:00Z,0
31942,2017,5,15,2017-05-15T00:00:00Z,1
35773,2017,5,16,2017-05-16T00:00:00Z,2
37185,2017,5,17,2017-05-17T00:00:00Z,3
41557,2017,5,18,2017-05-18T00:00:00Z,4
48078,2017,5,19,2017-05-19T00:00:00Z,5
35033,2017,5,20,2017-05-20T00:00:00Z,6
33156,2017,5,21,2017-05-21T00:00:00Z,0
38777,2017,5,22,2017-05-22T00:00:00Z,1
40952,2017,5,23,2017-05-23T00:00:00Z,2
39637,2017,5,24,2017-05-24T00:00:00Z,3
37236,2017,5,25,2017-05-25T00:00:00Z,4
34868,2017,5,26,2017-05-26T00:00:00Z,5
25374,2017,5,27,2017-05-27T00:00:00Z,6
23276,2017,5,28,2017-05-28T00:00:00Z,0
16096,2017,5,29,2017-05-29T00:00:00Z,1
26939,2017,5,30,2017-05-30T00:00:00Z,2
30835,2017,5,31,2017-05-31T00:00:00Z,3
38124,2017,6,1,2017-06-01T00:00:00Z,4
45503,2017,6,2,2017-06-02T00:00:00Z,5
38880,2017,6,3,2017-06-03T00:00:00Z,6
36183,2017,6,4,2017-06-04T00:00:00Z,0
40199,2017,6,5,2017-06-05T00:00:00Z,1
38324,2017,6,6,2017-06-06T00:00:00Z,2
36643,2017,6,7,2017-06-07T00:00:00Z,3
39084,2017,6,8,2017-06-08T00:00:00Z,4
41066,2017,6,9,2017-06-09T00:00:00Z,5
37747,2017,6,10,2017-06-10T00:00:00Z,6
36083,2017,6,11,2017-06-11T00:00:00Z,0
40510,2017,6,12,2017-06-12T00:00:00Z,1
39462,2017,6,13,2017-06-13T00:00:00Z,2
41234,2017,6,14,2017-06-14T00:00:00Z,3
40066,2017,6,15,2017-06-15T00:00:00Z,4
37771,2017,6,16,2017-06-16T00:00:00Z,5
29413,2017,6,17,2017-06-17T00:00:00Z,6
23822,2017,6,18,2017-06-18T00:00:00Z,0
32384,2017,6,19,2017-06-19T00:00:00Z,1
35670,2017,6,20,2017-06-20T00:00:00Z,2
37106,2017,6,21,2017-06-21T00:00:00Z,3
38772,2017,6,22,2017-06-22T00:00:00Z,4
38610,2017,6,23,2017-06-23T00:00:00Z,5
31705,2017,6,24,2017-06-24T00:00:00Z,6
27919,2017,6,25,2017-06-25T00:00:00Z,0
30336,2017,6,26,2017-06-26T00:00:00Z,1
31234,2017,6,27,2017-06-27T00:00:00Z,2
35354,2017,6,28,2017-06-28T00:00:00Z,3
36959,2017,6,29,2017-06-29T00:00:00Z,4
35594,2017,6,30,2017-06-30T00:00:00Z,5
29606,2017,7,1,2017-07-01T00:00:00Z,6
25998,2017,7,2,2017-07-02T00:00:00Z,0
21663,2017,7,3,2017-07-03T00:00:00Z,1
18321,2017,7,4,2017-07-04T00:00:00Z,2
25084,2017,7,5,2017-07-05T00:00:00Z,3
28531,2017,7,6,2017-07-06T00:00:00Z,4
32506,2017,7,7,2017-07-07T00:00:00Z,5
26980,2017,7,8,2017-07-08T00:00:00Z,6
23505,2017,7,9,2017-07-09T00:00:00Z,0
29471,2017,7,10,2017-07-10T00:00:00Z,1
31749,2017,7,11,2017-07-11T00:00:00Z,2
35053,2017,7,12,2017-07-12T00:00:00Z,3
35959,2017,7,13,2017-07-13T00:00:00Z,4
37123,2017,7,14,2017-07-14T00:00:00Z,5
31688,2017,7,15,2017-07-15T00:00:00Z,6
25306,2017,7,16,2017-07-16T00:00:00Z,0
28423,2017,7,17,2017-07-17T00:00:00Z,1
31308,2017,7,18,2017-07-18T00:00:00Z,2
34877,2017,7,19,2017-07-19T00:00:00Z,3
36813,2017,7,20,2017-07-20T00:00:00Z,4
39687,2017,7,21,2017-07-21T00:00:00Z,5
30298,2017,7,22,2017-07-22T00:00:00Z,6
25704,2017,7,23,2017-07-23T00:00:00Z,0
29808,2017,7,24,2017-07-24T00:00:00Z,1
31931,2017,7,25,2017-07-25T00:00:00Z,2
34121,2017,7,26,2017-07-26T00:00:00Z,3
35204,2017,7,27,2017-07-27T00:00:00Z,4
34204,2017,7,28,2017-07-28T00:00:00Z,5
26777,2017,7,29,2017-07-29T00:00:00Z,6
21746,2017,7,30,2017-07-30T00:00:00Z,0
25439,2017,7,31,2017-07-31T00:00:00Z,1
71,2017,8,1,2017-08-01T00:00:00Z,2
